task_id	episode_idx	outcome	media	bytes	sha256	original_source_sha256	faststart	lossless_container_remux	full_decode_passed	duration_seconds
BDRSIDE_001	0	success	assets/bowl_drainer_sections/videos/BDRSIDE_001/BDRSIDE_001_ep000_ok.mp4	144885	73038ea56271cf71b0bca15f2c4ce789d3408296314eafc37619eccffd9d1bce	937eeac6da3b21c01fcf9024a61089e48beb6ea1021f8a3d4fb8aa6d8d06223a	True	True	True	4.2
BDRSIDE_001	1	success	assets/bowl_drainer_sections/videos/BDRSIDE_001/BDRSIDE_001_ep001_ok.mp4	144450	6aefeaeca0aa23d2c3f026f0e4ad739d9bb0de40a53072a5bcf3ca815b87198a	b3e7c751f2425a0f325eb0940fc9873cb0fec374a82b56e89a1d9347a9f991c5	True	True	True	4.0
BDRSIDE_001	2	success	assets/bowl_drainer_sections/videos/BDRSIDE_001/BDRSIDE_001_ep002_ok.mp4	149455	cd72fa925bbfae1ced616c9959a26e53909ad306d583c3592b6fc4d855bbb0b2	f21ebe0dc3d3ece2b700457def773ecf11068f144aaf1946966d357f62edaabb	True	True	True	4.2
BDRSIDE_001	3	failure	assets/bowl_drainer_sections/videos/BDRSIDE_001/BDRSIDE_001_ep003_fail.mp4	343327	c7604cdcfc9348bdd4ca69836fe0255d8ebc237fa849437ed1c36887e2db2e18	8ae554cd416e13d1a2b15321efa553d2cd1b50374eff12bcec54680d29b7e050	True	True	True	12.8
BDRSIDE_001	4	success	assets/bowl_drainer_sections/videos/BDRSIDE_001/BDRSIDE_001_ep004_ok.mp4	150948	158f445b094db2ed57d0ec61fc82801748fe12e3c0c2900edc45796534d97af2	ee8aa19682def69717b51d76e2ce7f2d9d43e5c5adf5809bdfc8f456fd82818d	True	True	True	4.4
BDRSIDE_002	0	success	assets/bowl_drainer_sections/videos/BDRSIDE_002/BDRSIDE_002_ep000_ok.mp4	173677	3ef06b026849cff777bd1a074ffbfe3beeb277dd6c8ad5dcb9a742922f1a8f5c	748c265599498136a9b28dd91c64b4bfe3cd4034926053809bb9a968dea04d71	True	True	True	5.0
BDRSIDE_002	1	success	assets/bowl_drainer_sections/videos/BDRSIDE_002/BDRSIDE_002_ep001_ok.mp4	166868	a0cf490f5969646847d4c18033bb87e4551d511a96782597e13c06a5bce2e4f2	d07f38eba03290e0a5587050c9073ed3b85dcfd6e81e34dca706c2b96e82c256	True	True	True	4.8
BDRSIDE_002	2	success	assets/bowl_drainer_sections/videos/BDRSIDE_002/BDRSIDE_002_ep002_ok.mp4	173544	08d159e6d79813fb1a832fa1359f4af68b0062d29cad7c06cdda021c7d4e22b3	0cada66d1d7725277d7e9939fcbb51d80b981730d60cd2ec7eacfea6f504afdc	True	True	True	5.0
BDRSIDE_002	3	success	assets/bowl_drainer_sections/videos/BDRSIDE_002/BDRSIDE_002_ep003_ok.mp4	148045	0857f1bf2a6284b9f5ed6a326fa2e1e44fe399d4980b1eefc2c055c3a3f4901f	40711c033ae8b85755dc8cc6ca1e6f634e0af71feb0cec4b33a0a4a2ece5941b	True	True	True	4.2
BDRSIDE_002	4	success	assets/bowl_drainer_sections/videos/BDRSIDE_002/BDRSIDE_002_ep004_ok.mp4	149474	e1e0fa6876212d7046d7b77361f7ba698dce5dfd6f9c1f73a1533ed6d7fd2925	9623a27acaaba01c57bd402eb453e8facf6ce91bf5b38f52f920e482a6589ee3	True	True	True	4.2
BDRSIDE_003	0	success	assets/bowl_drainer_sections/videos/BDRSIDE_003/BDRSIDE_003_ep000_ok.mp4	174842	63dbb67d950d982c8337f92e43288f06baeb14a12d7e1ff8e6dd92b0fdd11faf	511874ac45188c87a45bacad29b6e87bac6a3e40b43607497a1ac3ee38d92814	True	True	True	5.2
BDRSIDE_003	1	success	assets/bowl_drainer_sections/videos/BDRSIDE_003/BDRSIDE_003_ep001_ok.mp4	151436	aad04a9605e092f203884789fd962b965b4a9c24220cd07d18c1f19ed182253d	d63a2bb016464b5df3d068fa442f700bb0f5cfa4ae29ddfafa38a0795d8c4e41	True	True	True	3.8
BDRSIDE_003	2	success	assets/bowl_drainer_sections/videos/BDRSIDE_003/BDRSIDE_003_ep002_ok.mp4	148622	ab8685a3293d8387197f2d9622eebd35e4f551aecb430d3eb43e52fad7f5ced4	a7026ff2c0fb70d144a051b9d43c3a72b027cadeeb61e79ea606f67cd6234f55	True	True	True	4.0
BDRSIDE_003	3	success	assets/bowl_drainer_sections/videos/BDRSIDE_003/BDRSIDE_003_ep003_ok.mp4	146234	868e194df7990ee853d8cc3a01ae89467c54531bc23da6a97dcc45126cf2748a	f4ecc3b86109b3aa73f9eb13421d18280a2d711c002ffebb748eadc5f80a22a9	True	True	True	3.8
BDRSIDE_003	4	success	assets/bowl_drainer_sections/videos/BDRSIDE_003/BDRSIDE_003_ep004_ok.mp4	152138	ab494695775eee348a414b023479507cf839b396d3a211a8e4d332a82968e2d5	a94dd3153a4381e2a8641c36e30e81777cba84bc63e22a35f2dedd12348a3cdc	True	True	True	4.0
BDRSIDE_004	0	success	assets/bowl_drainer_sections/videos/BDRSIDE_004/BDRSIDE_004_ep000_ok.mp4	149279	ddaa5e0ec253d5c66cd46020a1f402550f84dbb824701ef20dd03ac7459c07fa	e2831e20008390a9714ceb7f5b1116e77a6c2b181fb236f85f4396f4af372be7	True	True	True	3.8
BDRSIDE_004	1	success	assets/bowl_drainer_sections/videos/BDRSIDE_004/BDRSIDE_004_ep001_ok.mp4	157854	4385dfb323e9e48bc54b9229863b85afcfd5d66d56e203310d7a9f032a73a7c9	1500f92adc33d14c6fd040f317a59cce78a64a6a2fd77cd74b4c8e7a8cd97d53	True	True	True	4.0
BDRSIDE_004	2	success	assets/bowl_drainer_sections/videos/BDRSIDE_004/BDRSIDE_004_ep002_ok.mp4	148801	9665d91543b1e687430d857df345cdf277adfeca4584389df10d88be9df214c5	fb02aab4dc5eaae76f03e735fdd89db0afeff913265836599032e2cd7d54fbe3	True	True	True	3.8
BDRSIDE_004	3	success	assets/bowl_drainer_sections/videos/BDRSIDE_004/BDRSIDE_004_ep003_ok.mp4	157599	f4a4dd345573032c169b9540873f4bf753f2fe7d86b6c9253cc7915b6015ae1d	60cc2bb6083db520a8a94e3c64ae2f5faf8e63b7ef3a7d2a4eaa3523f07bcbcc	True	True	True	4.0
BDRSIDE_004	4	success	assets/bowl_drainer_sections/videos/BDRSIDE_004/BDRSIDE_004_ep004_ok.mp4	148596	8d1ac12c339e6acbc48af51ba1b06ccd2b4326aa06d1811437e479096e7bb569	a19c5909ada023eb62ed8d8d03b5e90ca14612d453731ab0df63c88ece68d461	True	True	True	4.0
BDRSIDE_005	0	success	assets/bowl_drainer_sections/videos/BDRSIDE_005/BDRSIDE_005_ep000_ok.mp4	165166	a3ff48df4b7cc5020cc6de85134de0aab5afcb4c919b2c53af2f199936270a94	6fdf4141ccb6a361536fa1d9710e208ca80f783658901c2c676881a7c3a69de9	True	True	True	3.8
BDRSIDE_005	1	success	assets/bowl_drainer_sections/videos/BDRSIDE_005/BDRSIDE_005_ep001_ok.mp4	183540	a066e9405aefd483366b01a5c78b06902c9d16bbf4358aa00d39538ace12eb1c	902b4446ab98722d44ee2ffb981b1978f5deedb7e3b9e94d9be6a0f6ca5980b2	True	True	True	4.4
BDRSIDE_005	2	success	assets/bowl_drainer_sections/videos/BDRSIDE_005/BDRSIDE_005_ep002_ok.mp4	186645	e1674a379cfb5f829f6b8ac29619bcd915e56e08b1addb867ef6124586da7210	0c8d1f8c72a7d8e7565ab337b7f552c91777d31c0f4f009b3868e28fc6879f36	True	True	True	4.6
BDRSIDE_005	3	success	assets/bowl_drainer_sections/videos/BDRSIDE_005/BDRSIDE_005_ep003_ok.mp4	164592	c5eb5bfc26c6a07ff3482b67600c07b04815ad8c181d983b523394ef12b35483	1227d2467421543b176b6f96e80d25642d98fcaa9bca53e3fd93ed75d1b32ab3	True	True	True	3.8
BDRSIDE_005	4	success	assets/bowl_drainer_sections/videos/BDRSIDE_005/BDRSIDE_005_ep004_ok.mp4	172311	ece596c1fe38e49d3d480a465a5d35c90cd8d65ef94b6444713394ef43372382	c307bf9392da3f75f5346ed0816caca4825bc84871d97f16515c4c540b1d0bc8	True	True	True	4.2
BDRSIDE_006	0	success	assets/bowl_drainer_sections/videos/BDRSIDE_006/BDRSIDE_006_ep000_ok.mp4	184517	b0c4b9d3290ce39c40b3a2b9610789d83c5e958fabddb1aa2776a140aff162d0	bc5b7d9d6b80de3d8020cfdf521eb04f598ee34822aaf93acd910a9bc5a6ad5c	True	True	True	4.0
BDRSIDE_006	1	success	assets/bowl_drainer_sections/videos/BDRSIDE_006/BDRSIDE_006_ep001_ok.mp4	185160	f380eacaf29325543125e55c167096bfe9db879e6a8bec1860b377524826e33e	f90a22dc17b4e99a21f938a0813c1961247a98e208ff2dc22cbf97e29e9d1f83	True	True	True	4.6
BDRSIDE_006	2	success	assets/bowl_drainer_sections/videos/BDRSIDE_006/BDRSIDE_006_ep002_ok.mp4	199458	0b6d4ecc934253be68cd5144c25dcd24785c0b5f4b4bdd659c4afa6a163ae6d3	c3dc6908719594448d86eba88947ffdf51390708e920f91e68caefca76887c2d	True	True	True	5.0
BDRSIDE_006	3	success	assets/bowl_drainer_sections/videos/BDRSIDE_006/BDRSIDE_006_ep003_ok.mp4	193008	33f9eaa9c6517cea0a59e9c2653768e2e0fdf1ec090bf502a4e31c3808f672f8	9e03e9d9327a067896de6ba2edefec4d5b19d1cfdc4c3de9771fdd68c4353c03	True	True	True	4.8
BDRSIDE_006	4	success	assets/bowl_drainer_sections/videos/BDRSIDE_006/BDRSIDE_006_ep004_ok.mp4	179940	904f6eded62650984642a214f20152a98848d9200df538ad7191d10c0e8d7ed3	edc415fc7e2bdea457e4a91d3400790e3163aaab4e5dc3ec392f7d4b85c17e51	True	True	True	4.0
BDRSIDE_007	0	success	assets/bowl_drainer_sections/videos/BDRSIDE_007/BDRSIDE_007_ep000_ok.mp4	152095	5fd06f132b210346e76e2f30e72b3d17d3bff0a2992076c2362fb42da2ed38a4	5da9208f83911698837827f3a2c2ce819ea33a2139cb3a92a1aa1d1f98953a5c	True	True	True	4.4
BDRSIDE_007	1	success	assets/bowl_drainer_sections/videos/BDRSIDE_007/BDRSIDE_007_ep001_ok.mp4	160296	c4c3fc36923e6a73d526c9f3a57dda10a793c5ad7be8087c0ab5e7964767ffb0	a061801cb4542a253a9ff774474fd48eed05557b34fedc5a31fcb9d81413df84	True	True	True	4.6
BDRSIDE_007	2	success	assets/bowl_drainer_sections/videos/BDRSIDE_007/BDRSIDE_007_ep002_ok.mp4	151919	e4a13ee5f586c6818c77ce907eb2788118dfd8fe8f0a4b85d56430e341fa01d8	8ccbcbbe36ca09bd40b57bc4fd8f1dd0aea2c320239d4ef48fde316628e2027b	True	True	True	4.4
BDRSIDE_007	3	success	assets/bowl_drainer_sections/videos/BDRSIDE_007/BDRSIDE_007_ep003_ok.mp4	163359	32455692c970461314687251660edaa17a61bc411982241a616d0f90e5aef6ce	b4edfb8e0f510b8490b7698324f76c88afaf8dc02d19d6254db29012fb14f6a4	True	True	True	4.8
BDRSIDE_007	4	success	assets/bowl_drainer_sections/videos/BDRSIDE_007/BDRSIDE_007_ep004_ok.mp4	151245	90649c168f4ea2538a8e48ff9b51dbcc336e6a816c308a7ee24bc6f8fb7ebeaa	3dd8db52afdc011c8b1d363f690899a85573ccdfe4ad9a8db83321a233202375	True	True	True	4.4
BDRSIDE_008	0	success	assets/bowl_drainer_sections/videos/BDRSIDE_008/BDRSIDE_008_ep000_ok.mp4	169982	45eb644c1f8bc2d3ecdb3080541ccd8b4fc3d66350c60c786b72fb6d9262a20e	00ba08dd0636b9d9eb57ce31443e7025d48669e146a7c2c7de8b732c612868e4	True	True	True	5.4
BDRSIDE_008	1	success	assets/bowl_drainer_sections/videos/BDRSIDE_008/BDRSIDE_008_ep001_ok.mp4	174249	da6999ba636babc3b1e9e09906330213c004c968a5bfea3596ad133ad515aa2d	07c1fa24dbc9075cf61c8bca0c5c8f0b16a67e4c0b410a5b3e70056b3d8be3b0	True	True	True	5.2
BDRSIDE_008	2	success	assets/bowl_drainer_sections/videos/BDRSIDE_008/BDRSIDE_008_ep002_ok.mp4	154567	67313fc3b9c362b2caedb22c2f30d5e7e1922aefc8fd1a1589ea12e7d10bbb65	03fadde9af9f52b4584c6df8abd965b6d7a68df47cf6a637b5beb66501120d9f	True	True	True	4.6
BDRSIDE_008	3	success	assets/bowl_drainer_sections/videos/BDRSIDE_008/BDRSIDE_008_ep003_ok.mp4	157075	cc8da0c3d22acf6aa0d85ca7ae137f8af0b18d2b8d5c196c8746fb68237d4ca8	a0bfe6e5ef7af294f64d868a26d282963d44f2233830c7686a296bfd94221e57	True	True	True	4.6
BDRSIDE_008	4	success	assets/bowl_drainer_sections/videos/BDRSIDE_008/BDRSIDE_008_ep004_ok.mp4	189916	3a2e3e3ade4374f9df523b7b3a5daeff1557d86531901d1bef801238bb75cb5d	ff9fc56a04391eecd39519c9558a07a0fd75634ee0c749a23142b8ee89f41061	True	True	True	6.4
BDRSIDE_009	0	success	assets/bowl_drainer_sections/videos/BDRSIDE_009/BDRSIDE_009_ep000_ok.mp4	157195	9e681a5296ea91ba73bd3738fafcb700d96df7ed3a8ba553d3e41834e71ffbea	e96fdf32db8ce8e5ed47990067866550af72bb74960f90676cee678e535cf478	True	True	True	4.4
BDRSIDE_009	1	success	assets/bowl_drainer_sections/videos/BDRSIDE_009/BDRSIDE_009_ep001_ok.mp4	143900	c924ce4a7a024c372d66015d9501836efd6c4ed24983d554ccc519a4ce41360a	3450ee4a0ba8aebbcbf5b144e0f17400556cbd7cbb7990bbe1bd21c4dae4e6c4	True	True	True	4.0
BDRSIDE_009	2	success	assets/bowl_drainer_sections/videos/BDRSIDE_009/BDRSIDE_009_ep002_ok.mp4	153625	687d553021eb5fefdacaead30d68a6c2b052f2af5843d5bf3949994a018c5ce4	d35d43a085bd984837ee3632244950a4ebea80ef28afecafe6eccea30fa35714	True	True	True	4.4
BDRSIDE_009	3	success	assets/bowl_drainer_sections/videos/BDRSIDE_009/BDRSIDE_009_ep003_ok.mp4	148951	6bd4e7ca5d5d02ec90c225081e1feb48f598d0144a558189e3a172af453fc00e	4ae3bdcca0a18b8c13c20ee439744bc5601bb48082343bd9478669eecc5966dc	True	True	True	4.2
BDRSIDE_009	4	success	assets/bowl_drainer_sections/videos/BDRSIDE_009/BDRSIDE_009_ep004_ok.mp4	152066	0826fe422f6a7798ddf41160fdcb7edd155cd696c2861aaf4e332fb5df5b736d	9e17fbc93db8f43e1aff3458be1fed2f325159ef79d55ab04d66ccb400169fe0	True	True	True	4.2
BDRSIDE_010	0	success	assets/bowl_drainer_sections/videos/BDRSIDE_010/BDRSIDE_010_ep000_ok.mp4	152622	78447171ab85ab48f5d4cd37c99923331164d2a59c8ea8088674cd239f1076f8	8543b2c39743465d0b50e3f559c4666c7965d910cdfe1abc23d3626722fa6eec	True	True	True	4.2
BDRSIDE_010	1	success	assets/bowl_drainer_sections/videos/BDRSIDE_010/BDRSIDE_010_ep001_ok.mp4	160182	e4e60a405ff63c897493a98a6d232989e81832118f91a9f320e2323b87baac8e	5f780dd7f1953a8e26eca95f0ccb78ba7b1df5075747f5dc4173d543bcaa4ce4	True	True	True	4.4
BDRSIDE_010	2	success	assets/bowl_drainer_sections/videos/BDRSIDE_010/BDRSIDE_010_ep002_ok.mp4	159048	170a7204f4deceb80bfe2448aadc4c637cd96c9eb111defa143d68a1376425de	fedff01fdb17cbbda82ec6f5005ed96cd6ca755480e3e1b6e81f3f75f6aa356b	True	True	True	4.4
BDRSIDE_010	3	success	assets/bowl_drainer_sections/videos/BDRSIDE_010/BDRSIDE_010_ep003_ok.mp4	170027	c73cb46ebe3f8bc021703a2964c42ccfd430a8681e1b311ff3c4f5e4fe3156d9	d915f6d05187a798574ca7b8e31550fd46d8e2bfe2ca66dd7ef2ef5d4374a597	True	True	True	4.6
BDRSIDE_010	4	success	assets/bowl_drainer_sections/videos/BDRSIDE_010/BDRSIDE_010_ep004_ok.mp4	154308	79e5edf9d33f7334eaaf6a5cd328fdd1d2e78e1de8d2fc24001dc2938d4e0d62	1d731d541ced034f50f6b2ce1965a41a0222ff91fa2aa4d91e43244e5894ecc9	True	True	True	4.2
