task_id	family	instruction	source_suite	source_task	original_instruction	goal_atom	successes	episodes	success_rate_percent	success_videos
ANLGX_001	E1_clean_exact_instance_three_targets	Put the white mug on the left plate.	libero_10	LIVING_ROOM_SCENE5_put_the_white_mug_on_the_left_plate_and_put_the_yellow_and_white_mug_on_the_right_plate	put the white mug on the left plate and put the yellow and white mug on the right plate	on(porcelain_mug_1, plate_1)	5	5	100.0	5
ANLGX_002	E1_clean_exact_instance_three_targets	Put the white mug on the middle plate.	libero_10	LIVING_ROOM_SCENE5_put_the_white_mug_on_the_left_plate_and_put_the_yellow_and_white_mug_on_the_right_plate	put the white mug on the left plate and put the yellow and white mug on the right plate	on(porcelain_mug_1, plate_3)	4	5	80.0	4
ANLGX_003	E1_clean_exact_instance_three_targets	Put the white mug on the right plate.	libero_10	LIVING_ROOM_SCENE5_put_the_white_mug_on_the_left_plate_and_put_the_yellow_and_white_mug_on_the_right_plate	put the white mug on the left plate and put the yellow and white mug on the right plate	on(porcelain_mug_1, plate_2)	3	5	60.0	3
ANLGX_006	E1_clean_exact_instance_three_targets	Put the yellow and white mug on the right plate.	libero_10	LIVING_ROOM_SCENE5_put_the_white_mug_on_the_left_plate_and_put_the_yellow_and_white_mug_on_the_right_plate	put the white mug on the left plate and put the yellow and white mug on the right plate	on(white_yellow_mug_1, plate_2)	4	5	80.0	4
ANLGX_008	E1_clean_exact_instance_three_targets	Put the black bowl on the middle plate.	libero_goal	put_the_bowl_on_the_plate	Put the bowl on the plate	on(akita_black_bowl_1, plate_3)	5	5	100.0	5
ANLGX_017	E2_sibling_part_or_compartment	Put the black bowl in the middle drawer of the white cabinet.	libero_10	KITCHEN_SCENE4_put_the_black_bowl_in_the_bottom_drawer_of_the_cabinet_and_close_it	put the black bowl in the bottom drawer of the cabinet and close it	in(akita_black_bowl_1, white_cabinet_1_middle_region)	5	5	100.0	5
ANLGX_019	E2_sibling_part_or_compartment	Put the black bowl in the bottom drawer of the wooden cabinet.	libero_goal	open_the_top_drawer_and_put_the_bowl_inside	Open the top layer of the drawer and put the bowl inside	in(akita_black_bowl_1, wooden_cabinet_1_bottom_region)	2	5	40.0	2
ANLGX_020	E2_sibling_part_or_compartment	Open the top drawer of the wooden cabinet.	libero_goal	open_the_middle_drawer_of_the_cabinet	Open the middle layer of the drawer	open(wooden_cabinet_1_top_region)	3	5	60.0	3
ANLGX_022	E2_sibling_part_or_compartment	Close the top drawer of the white cabinet.	libero_10	KITCHEN_SCENE4_put_the_black_bowl_in_the_bottom_drawer_of_the_cabinet_and_close_it	put the black bowl in the bottom drawer of the cabinet and close it	close(white_cabinet_1_top_region)	4	5	80.0	4
ANLGX_023	E2_sibling_part_or_compartment	Close the middle drawer of the white cabinet.	libero_10	KITCHEN_SCENE4_put_the_black_bowl_in_the_bottom_drawer_of_the_cabinet_and_close_it	put the black bowl in the bottom drawer of the cabinet and close it	close(white_cabinet_1_middle_region)	4	5	80.0	4
ANLGX_025	E2_sibling_part_or_compartment	Pick up the black bowl in the bottom drawer of the wooden cabinet and place it on the plate.	libero_spatial	pick_up_the_black_bowl_in_the_top_drawer_of_the_wooden_cabinet_and_place_it_on_the_plate	Pick the akita black bowl in the top layer of the wooden cabinet and place it on the plate	on(akita_black_bowl_1, plate_1)	1	5	20.0	1
ANLGX_033	E3_reference_fixture_pose_transfer	Put the black bowl on the stove at the LIBERO-10 Scene 3 donor position.	libero_goal	put_the_bowl_on_the_stove	Put the bowl on the stove	on(akita_black_bowl_1, flat_stove_1_cook_region)	2	5	40.0	2
ANLGX_036	E3_reference_fixture_pose_transfer	Pick up the black bowl on the stove at the LIBERO-10 Scene 3 donor position and place it on the plate.	libero_spatial	pick_up_the_black_bowl_on_the_stove_and_place_it_on_the_plate	Pick the akita black bowl on the stove and place it on the plate	on(akita_black_bowl_1, plate_1)	5	5	100.0	5
ANLGX_047	E4_clean_receptacle_or_support_transfer	Put the cream cheese in the basket at the former ketchup position.	libero_10	LIVING_ROOM_SCENE1_put_both_the_alphabet_soup_and_the_cream_cheese_box_in_the_basket	put both the alphabet soup and the cream cheese box in the basket	in(cream_cheese_1, basket_1_contain_region)	1	5	20.0	1
ANLGX_050	E4_clean_receptacle_or_support_transfer	Put the wine bottle on the rack at the LIBERO-10 rack position.	libero_goal	put_the_wine_bottle_on_the_rack	Put the wine bottle on the rack	on(wine_bottle_1, wine_rack_1_top_region)	1	5	20.0	1
ANLGX_052	E4_clean_receptacle_or_support_transfer	Put the wine bottle on top of the wooden cabinet at the white-cabinet donor position.	libero_goal	put_the_wine_bottle_on_top_of_the_cabinet	Put the wine bottle on the top of the drawer	on(wine_bottle_1, wooden_cabinet_1_top_side)	1	5	20.0	1
ANLGX_063	S1_spatial_source_to_learned_destination	Pick up the black bowl on the ramekin and place it on the top of the wooden cabinet.	libero_spatial	pick_up_the_black_bowl_on_the_ramekin_and_place_it_on_the_plate	Pick the akita black bowl on the ramekin and place it on the plate	on(akita_black_bowl_1, wooden_cabinet_1_top_side)	1	5	20.0	1
ANLGX_079	S4_spatial_source_object_binding	Pick up the cookies box between the plate and the ramekin and place it on the plate.	libero_spatial	pick_up_the_black_bowl_between_the_plate_and_the_ramekin_and_place_it_on_the_plate	Pick the akita black bowl between the plate and the ramekin and place it on the plate	on(cookies_1, plate_1)	1	5	20.0	1
ANLGX_080	S4_spatial_source_object_binding	Pick up the wine bottle between the plate and the ramekin and place it on the plate.	libero_spatial	pick_up_the_black_bowl_between_the_plate_and_the_ramekin_and_place_it_on_the_plate	Pick the akita black bowl between the plate and the ramekin and place it on the plate	on(wine_bottle_1, plate_1)	2	5	40.0	2
ANLGX_081	S4_spatial_source_object_binding	Pick up the butter between the plate and the ramekin and place it on the plate.	libero_spatial	pick_up_the_black_bowl_between_the_plate_and_the_ramekin_and_place_it_on_the_plate	Pick the akita black bowl between the plate and the ramekin and place it on the plate	on(butter_1, plate_1)	3	5	60.0	3
ANLGX_082	S4_spatial_source_object_binding	Pick up the chocolate pudding between the plate and the ramekin and place it on the plate.	libero_spatial	pick_up_the_black_bowl_between_the_plate_and_the_ramekin_and_place_it_on_the_plate	Pick the akita black bowl between the plate and the ramekin and place it on the plate	on(chocolate_pudding_1, plate_1)	3	5	60.0	3
ANLGX_086	S4_spatial_source_object_binding	Pick up the chocolate pudding next to the ramekin and place it on the plate.	libero_spatial	pick_up_the_black_bowl_next_to_the_ramekin_and_place_it_on_the_plate	Pick the akita black bowl next to the ramekin and place it on the plate	on(chocolate_pudding_1, plate_1)	1	5	20.0	1
ANLGX_088	S4_spatial_source_object_binding	Pick up the ramekin at the table center and place it on the plate.	libero_spatial	pick_up_the_black_bowl_from_table_center_and_place_it_on_the_plate	Pick the akita black bowl from table center and place it on the plate	on(glazed_rim_porcelain_ramekin_1, plate_1)	5	5	100.0	5
ANLGX_089	S4_spatial_source_object_binding	Pick up the wine bottle at the table center and place it on the plate.	libero_spatial	pick_up_the_black_bowl_from_table_center_and_place_it_on_the_plate	Pick the akita black bowl from table center and place it on the plate	on(wine_bottle_1, plate_1)	3	5	60.0	3
ANLGX_090	S4_spatial_source_object_binding	Pick up the butter at the table center and place it on the plate.	libero_spatial	pick_up_the_black_bowl_from_table_center_and_place_it_on_the_plate	Pick the akita black bowl from table center and place it on the plate	on(butter_1, plate_1)	1	5	20.0	1
ANLGX_091	S4_spatial_source_object_binding	Pick up the chocolate pudding at the table center and place it on the plate.	libero_spatial	pick_up_the_black_bowl_from_table_center_and_place_it_on_the_plate	Pick the akita black bowl from table center and place it on the plate	on(chocolate_pudding_1, plate_1)	1	5	20.0	1
ANLGX_092	S4_spatial_source_object_binding	Pick up the ramekin on the cookies box and place it on the plate.	libero_spatial	pick_up_the_black_bowl_on_the_cookie_box_and_place_it_on_the_plate	Pick the akita black bowl on the cookies box and place it on the plate	on(glazed_rim_porcelain_ramekin_1, plate_1)	5	5	100.0	5
ANLGX_094	S4_spatial_source_object_binding	Pick up the ramekin in the top drawer of the wooden cabinet and place it on the plate.	libero_spatial	pick_up_the_black_bowl_in_the_top_drawer_of_the_wooden_cabinet_and_place_it_on_the_plate	Pick the akita black bowl in the top layer of the wooden cabinet and place it on the plate	on(glazed_rim_porcelain_ramekin_1, plate_1)	5	5	100.0	5
ANLGX_099	S4_spatial_source_object_binding	Pick up the ramekin next to the cookies box and place it on the plate.	libero_spatial	pick_up_the_black_bowl_next_to_the_cookie_box_and_place_it_on_the_plate	Pick the akita black bowl next to the cookies box and place it on the plate	on(glazed_rim_porcelain_ramekin_1, plate_1)	4	5	80.0	4
ANLGX_101	S4_spatial_source_object_binding	Pick up the butter next to the cookies box and place it on the plate.	libero_spatial	pick_up_the_black_bowl_next_to_the_cookie_box_and_place_it_on_the_plate	Pick the akita black bowl next to the cookies box and place it on the plate	on(butter_1, plate_1)	2	5	40.0	2
ANLGX_102	S4_spatial_source_object_binding	Pick up the chocolate pudding next to the cookies box and place it on the plate.	libero_spatial	pick_up_the_black_bowl_next_to_the_cookie_box_and_place_it_on_the_plate	Pick the akita black bowl next to the cookies box and place it on the plate	on(chocolate_pudding_1, plate_1)	1	5	20.0	1
ANLGX_103	S4_spatial_source_object_binding	Pick up the cookies box on the stove and place it on the plate.	libero_spatial	pick_up_the_black_bowl_on_the_stove_and_place_it_on_the_plate	Pick the akita black bowl on the stove and place it on the plate	on(cookies_1, plate_1)	1	5	20.0	1
ANLGX_104	S4_spatial_source_object_binding	Pick up the ramekin on the stove and place it on the plate.	libero_spatial	pick_up_the_black_bowl_on_the_stove_and_place_it_on_the_plate	Pick the akita black bowl on the stove and place it on the plate	on(glazed_rim_porcelain_ramekin_1, plate_1)	2	5	40.0	2
ANLGX_107	S4_spatial_source_object_binding	Pick up the chocolate pudding on the stove and place it on the plate.	libero_spatial	pick_up_the_black_bowl_on_the_stove_and_place_it_on_the_plate	Pick the akita black bowl on the stove and place it on the plate	on(chocolate_pudding_1, plate_1)	2	5	40.0	2
ANLGX_109	S4_spatial_source_object_binding	Pick up the ramekin next to the plate and place it on the plate.	libero_spatial	pick_up_the_black_bowl_next_to_the_plate_and_place_it_on_the_plate	Pick the akita black bowl next to the plate and place it on the plate	on(glazed_rim_porcelain_ramekin_1, plate_1)	4	5	80.0	4
ANLGX_114	S4_spatial_source_object_binding	Pick up the ramekin on top of the wooden cabinet and place it on the plate.	libero_spatial	pick_up_the_black_bowl_on_the_wooden_cabinet_and_place_it_on_the_plate	Pick the akita black bowl on the wooden cabinet and place it on the plate	on(glazed_rim_porcelain_ramekin_1, plate_1)	5	5	100.0	5
ANLGX_117	S4_spatial_source_object_binding	Pick up the chocolate pudding on top of the wooden cabinet and place it on the plate.	libero_spatial	pick_up_the_black_bowl_on_the_wooden_cabinet_and_place_it_on_the_plate	Pick the akita black bowl on the wooden cabinet and place it on the plate	on(chocolate_pudding_1, plate_1)	1	5	20.0	1
ANLGX_118	S5_spatial_sibling_drawer_action	Open the top drawer of the wooden cabinet.	libero_spatial	pick_up_the_black_bowl_between_the_plate_and_the_ramekin_and_place_it_on_the_plate	Pick the akita black bowl between the plate and the ramekin and place it on the plate	open(wooden_cabinet_1_top_region)	1	5	20.0	1
ANLGX_124	G1_goal_object_to_stove	Put the wine bottle on the stove.	libero_goal	put_the_bowl_on_the_stove	Put the bowl on the stove	on(wine_bottle_1, flat_stove_1_cook_region)	4	5	80.0	4
ANLGX_126	G1_goal_object_to_stove	Put the chocolate pudding on the stove.	libero_goal	put_the_bowl_on_the_stove	Put the bowl on the stove	on(chocolate_pudding_1, flat_stove_1_cook_region)	3	5	60.0	3
ANLGX_127	G1_goal_object_to_stove	Put the cream cheese on the stove.	libero_goal	put_the_bowl_on_the_stove	Put the bowl on the stove	on(cream_cheese_1, flat_stove_1_cook_region)	3	5	60.0	3
ANLGX_129	G2_goal_object_to_rack	Put the black bowl on the wine rack.	libero_goal	put_the_wine_bottle_on_the_rack	Put the wine bottle on the rack	on(akita_black_bowl_1, wine_rack_1_top_region)	1	5	20.0	1
ANLGX_134	G3_goal_object_to_cabinet_top	Put the plate on the top of the wooden cabinet.	libero_goal	put_the_wine_bottle_on_top_of_the_cabinet	Put the wine bottle on the top of the drawer	on(plate_1, wooden_cabinet_1_top_side)	1	5	20.0	1
ANLGX_135	G3_goal_object_to_cabinet_top	Put the cream cheese on the top of the wooden cabinet.	libero_goal	put_the_wine_bottle_on_top_of_the_cabinet	Put the wine bottle on the top of the drawer	on(cream_cheese_1, wooden_cabinet_1_top_side)	2	5	40.0	2
ANLGX_136	G3_goal_object_to_cabinet_top	Put the butter on the top of the wooden cabinet.	libero_goal	put_the_wine_bottle_on_top_of_the_cabinet	Put the wine bottle on the top of the drawer	on(butter_1, wooden_cabinet_1_top_side)	4	5	80.0	4
ANLGX_137	G3_goal_object_to_cabinet_top	Put the chocolate pudding on the top of the wooden cabinet.	libero_goal	put_the_wine_bottle_on_top_of_the_cabinet	Put the wine bottle on the top of the drawer	on(chocolate_pudding_1, wooden_cabinet_1_top_side)	2	5	40.0	2
ANLGX_138	G4_goal_object_to_bowl	Put the butter on the black bowl.	libero_goal	put_the_cream_cheese_in_the_bowl	Put the cream cheese on the bowl	on(butter_1, akita_black_bowl_1)	5	5	100.0	5
ANLGX_139	G4_goal_object_to_bowl	Put the chocolate pudding on the black bowl.	libero_goal	put_the_cream_cheese_in_the_bowl	Put the cream cheese on the bowl	on(chocolate_pudding_1, akita_black_bowl_1)	5	5	100.0	5
ANLGX_140	G5_goal_object_to_plate	Put the wine bottle on the plate.	libero_goal	put_the_bowl_on_the_plate	Put the bowl on the plate	on(wine_bottle_1, plate_1)	2	5	40.0	2
ANLGX_141	G5_goal_object_to_plate	Put the cream cheese on the plate.	libero_goal	put_the_bowl_on_the_plate	Put the bowl on the plate	on(cream_cheese_1, plate_1)	1	5	20.0	1
ANLGX_143	G5_goal_object_to_plate	Put the chocolate pudding on the plate.	libero_goal	put_the_bowl_on_the_plate	Put the bowl on the plate	on(chocolate_pudding_1, plate_1)	2	5	40.0	2
ANLGX_147	G6_goal_object_to_sibling_drawer	Put the cream cheese in the top drawer of the wooden cabinet.	libero_goal	open_the_top_drawer_and_put_the_bowl_inside	Open the top layer of the drawer and put the bowl inside	in(cream_cheese_1, wooden_cabinet_1_top_region)	3	5	60.0	3
ANLGX_148	G6_goal_object_to_sibling_drawer	Put the cream cheese in the middle drawer of the wooden cabinet.	libero_goal	open_the_top_drawer_and_put_the_bowl_inside	Open the top layer of the drawer and put the bowl inside	in(cream_cheese_1, wooden_cabinet_1_middle_region)	2	5	40.0	2
ANLGX_149	G6_goal_object_to_sibling_drawer	Put the cream cheese in the bottom drawer of the wooden cabinet.	libero_goal	open_the_top_drawer_and_put_the_bowl_inside	Open the top layer of the drawer and put the bowl inside	in(cream_cheese_1, wooden_cabinet_1_bottom_region)	4	5	80.0	4
ANLGX_150	G6_goal_object_to_sibling_drawer	Put the butter in the top drawer of the wooden cabinet.	libero_goal	open_the_top_drawer_and_put_the_bowl_inside	Open the top layer of the drawer and put the bowl inside	in(butter_1, wooden_cabinet_1_top_region)	2	5	40.0	2
ANLGX_151	G6_goal_object_to_sibling_drawer	Put the butter in the middle drawer of the wooden cabinet.	libero_goal	open_the_top_drawer_and_put_the_bowl_inside	Open the top layer of the drawer and put the bowl inside	in(butter_1, wooden_cabinet_1_middle_region)	2	5	40.0	2
ANLGX_152	G6_goal_object_to_sibling_drawer	Put the butter in the bottom drawer of the wooden cabinet.	libero_goal	open_the_top_drawer_and_put_the_bowl_inside	Open the top layer of the drawer and put the bowl inside	in(butter_1, wooden_cabinet_1_bottom_region)	3	5	60.0	3
ANLGX_153	G6_goal_object_to_sibling_drawer	Put the chocolate pudding in the top drawer of the wooden cabinet.	libero_goal	open_the_top_drawer_and_put_the_bowl_inside	Open the top layer of the drawer and put the bowl inside	in(chocolate_pudding_1, wooden_cabinet_1_top_region)	2	5	40.0	2
ANLGX_154	G6_goal_object_to_sibling_drawer	Put the chocolate pudding in the middle drawer of the wooden cabinet.	libero_goal	open_the_top_drawer_and_put_the_bowl_inside	Open the top layer of the drawer and put the bowl inside	in(chocolate_pudding_1, wooden_cabinet_1_middle_region)	1	5	20.0	1
ANLGX_155	G6_goal_object_to_sibling_drawer	Put the chocolate pudding in the bottom drawer of the wooden cabinet.	libero_goal	open_the_top_drawer_and_put_the_bowl_inside	Open the top layer of the drawer and put the bowl inside	in(chocolate_pudding_1, wooden_cabinet_1_bottom_region)	3	5	60.0	3
ANLGX_157	G8_goal_object_to_forward_stove	Put the wine bottle on the forward-relocated stove.	libero_goal	put_the_bowl_on_the_stove	Put the bowl on the stove	on(wine_bottle_1, flat_stove_1_cook_region)	1	5	20.0	1
ANLGX_159	G8_goal_object_to_forward_stove	Put the chocolate pudding on the forward-relocated stove.	libero_goal	put_the_bowl_on_the_stove	Put the bowl on the stove	on(chocolate_pudding_1, flat_stove_1_cook_region)	2	5	40.0	2
ANLGX_169	G10_goal_sibling_drawer_close	Close the top drawer of the wooden cabinet.	libero_goal	open_the_middle_drawer_of_the_cabinet	Open the middle layer of the drawer	close(wooden_cabinet_1_top_region)	3	5	60.0	3
ANLGX_170	G10_goal_sibling_drawer_close	Close the middle drawer of the wooden cabinet.	libero_goal	open_the_middle_drawer_of_the_cabinet	Open the middle layer of the drawer	close(wooden_cabinet_1_middle_region)	5	5	100.0	5
ANLGX_171	G10_goal_sibling_drawer_close	Close the bottom drawer of the wooden cabinet.	libero_goal	open_the_middle_drawer_of_the_cabinet	Open the middle layer of the drawer	close(wooden_cabinet_1_bottom_region)	1	5	20.0	1
ANLGX_174	L1_libero10_white_cabinet_object_slot	Put the wine bottle in the bottom drawer of the white cabinet.	libero_10	KITCHEN_SCENE4_put_the_black_bowl_in_the_bottom_drawer_of_the_cabinet_and_close_it	put the black bowl in the bottom drawer of the cabinet and close it	in(wine_bottle_1, white_cabinet_1_bottom_region)	1	5	20.0	1
ANLGX_175	L2_libero10_white_cabinet_atomic_close	Close the bottom drawer of the white cabinet.	libero_10	KITCHEN_SCENE4_put_the_black_bowl_in_the_bottom_drawer_of_the_cabinet_and_close_it	put the black bowl in the bottom drawer of the cabinet and close it	close(white_cabinet_1_bottom_region)	2	5	40.0	2
ANLGX_176	L3_libero10_caddy_object_compartment	Put the yellow and white mug in the back compartment of the caddy.	libero_10	STUDY_SCENE1_pick_up_the_book_and_place_it_in_the_back_compartment_of_the_caddy	pick up the book and place it in the back compartment of the caddy	in(white_yellow_mug_1, desk_caddy_1_back_contain_region)	2	5	40.0	2
ANLGX_178	L3_libero10_caddy_object_compartment	Put the yellow and white mug in the left compartment of the caddy.	libero_10	STUDY_SCENE1_pick_up_the_book_and_place_it_in_the_back_compartment_of_the_caddy	pick up the book and place it in the back compartment of the caddy	in(white_yellow_mug_1, desk_caddy_1_left_contain_region)	3	5	60.0	3
ANLGX_183	L5_libero10_microwave_object_pose	Put the white mug in the microwave at the original Scene-6 position.	libero_10	KITCHEN_SCENE6_put_the_yellow_and_white_mug_in_the_microwave_and_close_it	put the yellow and white mug in the microwave and close it	in(porcelain_mug_1, microwave_1_heating_region)	3	5	60.0	3
