task_id	file	bytes	sha256
BDRAIN_001	assets/bowl_drainer_any5/task_bundles/BDRAIN_001/task.bddl	2348	8ebd397c6944a73fefd20514e57d21c0edd8a2cc4ea9c573167919ecc7255849
BDRAIN_001	assets/bowl_drainer_any5/task_bundles/BDRAIN_001/task.pruned_init	6095	4e5dd56f9819ee643c15fed3c707ad42c855c3f7ec5a561eb13be94ec64c58a9
BDRAIN_001	assets/bowl_drainer_any5/task_bundles/BDRAIN_001/task_meta.yaml	2583	f7bdf8bfb001d73130dfd1ff14786f511ba164f69aed801a0e1bea909778ad63
BDRAIN_001	assets/bowl_drainer_any5/task_bundles/BDRAIN_001/action_plan.yaml	491	6f1ebc20fa6f44b5ea8064a0c4c657ca75f3824ad86ada59f763779d8ea5bf79
BDRAIN_001	assets/bowl_drainer_any5/task_bundles/BDRAIN_001/mask_bindings.yaml	481	c25144308fff0b714302f58c2628a086257a60325e2877ef07d31756f3e8d3b7
BDRAIN_001	assets/bowl_drainer_any5/task_bundles/BDRAIN_001/eval_rules.yaml	282	8836db0e3334187e51c2e21ee00cb94f9f906dc3d4fde6bc5f1701d563b6d8b8
BDRAIN_001	assets/bowl_drainer_any5/task_bundles/BDRAIN_001/registry_entry.yaml	658	7548f5afe0b4eb4ac4c6040f0781508c4eb482a5c7a582b4b85142b76e3f4b6d
BDRAIN_001	assets/bowl_drainer_any5/task_bundles/BDRAIN_001/INIT_VALIDATION.json	2291	9516b9f1724809ae0b303b9538455f079513596be6c5234693f9b411e4b8fbce
BDRAIN_002	assets/bowl_drainer_any5/task_bundles/BDRAIN_002/task.bddl	2339	33b1476ff49b21546751b94a283754a702e3bac41207a425c0f4dce0bcabfa29
BDRAIN_002	assets/bowl_drainer_any5/task_bundles/BDRAIN_002/task.pruned_init	6152	767ac102e7542231680df95b782caf832c79a07bda4bdba090677ef5b5ab81cc
BDRAIN_002	assets/bowl_drainer_any5/task_bundles/BDRAIN_002/task_meta.yaml	2569	c9011b6e9765e32b08c07e0fe4220e0af154785b90582c5bd7857e88306a748f
BDRAIN_002	assets/bowl_drainer_any5/task_bundles/BDRAIN_002/action_plan.yaml	486	aa634f4a046f4f0def9fb1949387e724a5304aafcd881dd51ac5a9315fc18cff
BDRAIN_002	assets/bowl_drainer_any5/task_bundles/BDRAIN_002/mask_bindings.yaml	480	c8785e0965b7435eea9f49ea0d8b11b1253e0639c1f4132b28bb4b8bc0e8fd0f
BDRAIN_002	assets/bowl_drainer_any5/task_bundles/BDRAIN_002/eval_rules.yaml	281	2877357489f2ea131ff68a2204bb2b4b97dc553b0f58557d8c8bd340b723bcf3
BDRAIN_002	assets/bowl_drainer_any5/task_bundles/BDRAIN_002/registry_entry.yaml	654	a9a456eb4b5160c9c7592f68697a875d6d65d47e1e7213e0197fa2598ec7e528
BDRAIN_002	assets/bowl_drainer_any5/task_bundles/BDRAIN_002/INIT_VALIDATION.json	2290	f9a11a2fdb663ffe62da828dac85b3c3944258e50b07e391c3ef6d524355c265
BDRAIN_003	assets/bowl_drainer_any5/task_bundles/BDRAIN_003/task.bddl	2342	6dd7501dde5c8df3a6d37ce1dd2398fcc71194bd8ab92c9ba97f017313182cb7
BDRAIN_003	assets/bowl_drainer_any5/task_bundles/BDRAIN_003/task.pruned_init	6222	9a3c8838eb09bade130a70715f4db71fbafb12869ae0e2ad58b2c300370513b7
BDRAIN_003	assets/bowl_drainer_any5/task_bundles/BDRAIN_003/task_meta.yaml	2569	dc64cc86e687d78a3f52be3d9cd7ee44c6e5a2fd703ee960e65ac8463c63433e
BDRAIN_003	assets/bowl_drainer_any5/task_bundles/BDRAIN_003/action_plan.yaml	486	41065742245ec0cd08db2827c698d320690b02da904c3ffa926a86331e5e851b
BDRAIN_003	assets/bowl_drainer_any5/task_bundles/BDRAIN_003/mask_bindings.yaml	480	32496200ff9b43555ef1c81148528bc9b27d0933e2b0d2fdde18fb8bd13b38d7
BDRAIN_003	assets/bowl_drainer_any5/task_bundles/BDRAIN_003/eval_rules.yaml	281	db6cfa03aebd4493c512bdb649f66cc5a0d11bd05cf55f96c1227300c08707ea
BDRAIN_003	assets/bowl_drainer_any5/task_bundles/BDRAIN_003/registry_entry.yaml	654	5b0d4bff15e3947faee90b7a407f4d1e83c45e094ffa512cee4d2bae6f4f7a95
BDRAIN_003	assets/bowl_drainer_any5/task_bundles/BDRAIN_003/INIT_VALIDATION.json	2290	b3c2a0973edde955aad5365a3f49000353a498c127684ab7bf3ab2cacbb1aae1
BDRAIN_004	assets/bowl_drainer_any5/task_bundles/BDRAIN_004/task.bddl	2333	017a5e206571460e70cd1a73f72e06788cb94c8808da3f8f5351b97a40034cb1
BDRAIN_004	assets/bowl_drainer_any5/task_bundles/BDRAIN_004/task.pruned_init	6171	1cb52fcae566f20e8accdf4577ba65e8b1d33e46e93330c9c24ee36c40149904
BDRAIN_004	assets/bowl_drainer_any5/task_bundles/BDRAIN_004/task_meta.yaml	2485	9581c63ae1e4caaad3a09d345783799e822892c3c5e8de1643f617c24bec9af1
BDRAIN_004	assets/bowl_drainer_any5/task_bundles/BDRAIN_004/action_plan.yaml	456	02d283413e799bd28262839e5fd529a0f2adde8193d28859acbbe12920e3dd3b
BDRAIN_004	assets/bowl_drainer_any5/task_bundles/BDRAIN_004/mask_bindings.yaml	474	563a7201be90012bfdc01e3f3ede19445c7cd695ae176c56d96e78dd597ea66e
BDRAIN_004	assets/bowl_drainer_any5/task_bundles/BDRAIN_004/eval_rules.yaml	275	2e99a7188fc522db1c81d6234f4ff922a401e6724a47808c78266bc0323624ab
BDRAIN_004	assets/bowl_drainer_any5/task_bundles/BDRAIN_004/registry_entry.yaml	630	1b6d3a02235af49f3298db85427e64c67e6abb0aae3692dc63f6b137ed46a75b
BDRAIN_004	assets/bowl_drainer_any5/task_bundles/BDRAIN_004/INIT_VALIDATION.json	2284	f3ba1e0e724d156e60ed11fe8902ac154a0cacc0af46f93c25ee9588e25d148e
BDRAIN_005	assets/bowl_drainer_any5/task_bundles/BDRAIN_005/task.bddl	2393	cd3936ad9dc262ab186045f9855c358d443429f88c16230b5d172afa38a5342e
BDRAIN_005	assets/bowl_drainer_any5/task_bundles/BDRAIN_005/task.pruned_init	6337	5f76a0a712b337f52465817a490693d86fb6f84352ed33478d4b69ecdb1d9d8b
BDRAIN_005	assets/bowl_drainer_any5/task_bundles/BDRAIN_005/task_meta.yaml	2639	e5bf8af53ee767cefa86fb7988dc5146bd970df69566600cd646acb0036fc95d
BDRAIN_005	assets/bowl_drainer_any5/task_bundles/BDRAIN_005/action_plan.yaml	511	7bcbf514c80b477301bbae8715e4d512dd0fde80b96532178a3aad945ea6b68c
BDRAIN_005	assets/bowl_drainer_any5/task_bundles/BDRAIN_005/mask_bindings.yaml	485	3d73ca4d27018034160d34550b31c62f41e9e947139cdbb600a578b5b5a85e3c
BDRAIN_005	assets/bowl_drainer_any5/task_bundles/BDRAIN_005/eval_rules.yaml	286	672f73403e9daef056c2f1583a7587bbd514d6e48404e6ec18bd5f215e44c732
BDRAIN_005	assets/bowl_drainer_any5/task_bundles/BDRAIN_005/registry_entry.yaml	674	c8663143f74d502985a8d4aa6d72b5b455897c72c68a1231313598df7ca8717b
BDRAIN_005	assets/bowl_drainer_any5/task_bundles/BDRAIN_005/INIT_VALIDATION.json	2295	e6dae61d936d21101eeef5ead4d11b877c1257440a72f2b38f6349a62c22eaf8
