task_id	suite	suite_index	instruction	problem	fixtures	objects	goal_atoms	physical_goal_signature	physical_scene_signature	asset_composition_signature	source_bddl	source_bddl_sha256
LIBERO_90_01	libero_90	1	close the top drawer of the cabinet	libero_kitchen_tabletop_manipulation	"{""kitchen_table"": ""kitchen_table"", ""wooden_cabinet_1"": ""wooden_cabinet""}"	"{""akita_black_bowl_1"": ""akita_black_bowl"", ""butter_1"": ""butter"", ""butter_2"": ""butter"", ""chocolate_pudding_1"": ""chocolate_pudding""}"	"[[""close"", ""wooden_cabinet_1_top_region""]]"	cef8ea79d4a2ddbd5f0fe9974aefd8dd17b168614908e7b08c918dda9bc57348	8cc4127d67f83d3ba7be635b020de75d9be7b5a567f46d45fe1f685d06881038	b3fb947c0ad4579749ba1c8d8b097491160046da0b9476ecea3dd3ab007a32ed	libero/bddl_files/libero_90/KITCHEN_SCENE10_close_the_top_drawer_of_the_cabinet.bddl	a0824cbe6b3146c00984f5a01307a3e39aac9ddc434ee4ff040b5536a0c48bbc
LIBERO_90_02	libero_90	2	close the top drawer of the cabinet and put the black bowl on top of it	libero_kitchen_tabletop_manipulation	"{""kitchen_table"": ""kitchen_table"", ""wooden_cabinet_1"": ""wooden_cabinet""}"	"{""akita_black_bowl_1"": ""akita_black_bowl"", ""butter_1"": ""butter"", ""butter_2"": ""butter"", ""chocolate_pudding_1"": ""chocolate_pudding""}"	"[[""close"", ""wooden_cabinet_1_top_region""], [""on"", ""akita_black_bowl_1"", ""wooden_cabinet_1_top_side""]]"	86c37457bd8ce2fadcfe6d647bd0b5e6e1b3b1d409fa10a3396d3f0bb2c75662	8cc4127d67f83d3ba7be635b020de75d9be7b5a567f46d45fe1f685d06881038	b3fb947c0ad4579749ba1c8d8b097491160046da0b9476ecea3dd3ab007a32ed	libero/bddl_files/libero_90/KITCHEN_SCENE10_close_the_top_drawer_of_the_cabinet_and_put_the_black_bowl_on_top_of_it.bddl	da9fc4fcf5523a989a547b61450c0809926e710af0c37341b15593930e42f8d9
LIBERO_90_03	libero_90	3	put the black bowl in the top drawer of the cabinet	libero_kitchen_tabletop_manipulation	"{""kitchen_table"": ""kitchen_table"", ""wooden_cabinet_1"": ""wooden_cabinet""}"	"{""akita_black_bowl_1"": ""akita_black_bowl"", ""butter_1"": ""butter"", ""butter_2"": ""butter"", ""chocolate_pudding_1"": ""chocolate_pudding""}"	"[[""in"", ""akita_black_bowl_1"", ""wooden_cabinet_1_top_region""]]"	75d600889278a734f6e1e0b5a5a083d77927884dcac1a572b74fb53ea06f8613	8cc4127d67f83d3ba7be635b020de75d9be7b5a567f46d45fe1f685d06881038	b3fb947c0ad4579749ba1c8d8b097491160046da0b9476ecea3dd3ab007a32ed	libero/bddl_files/libero_90/KITCHEN_SCENE10_put_the_black_bowl_in_the_top_drawer_of_the_cabinet.bddl	ffca5a60db6d6fe14aedb8ec9d4fe75363d49f28b686c9d55acda312450cb19a
LIBERO_90_04	libero_90	4	put the butter at the back in the top drawer of the cabinet and close it	libero_kitchen_tabletop_manipulation	"{""kitchen_table"": ""kitchen_table"", ""wooden_cabinet_1"": ""wooden_cabinet""}"	"{""akita_black_bowl_1"": ""akita_black_bowl"", ""butter_1"": ""butter"", ""butter_2"": ""butter"", ""chocolate_pudding_1"": ""chocolate_pudding""}"	"[[""in"", ""butter_2"", ""wooden_cabinet_1_top_region""], [""close"", ""wooden_cabinet_1_top_region""]]"	8e332f7abbdae2e8ea6c456d9688f6aa2eee5ecb775112ab64253b58ef46005e	8cc4127d67f83d3ba7be635b020de75d9be7b5a567f46d45fe1f685d06881038	b3fb947c0ad4579749ba1c8d8b097491160046da0b9476ecea3dd3ab007a32ed	libero/bddl_files/libero_90/KITCHEN_SCENE10_put_the_butter_at_the_back_in_the_top_drawer_of_the_cabinet_and_close_it.bddl	3d00910a47feefbe351a02442c03c9d66cf62a1dc89f4b653fd0250b90f7fa88
LIBERO_90_05	libero_90	5	put the butter at the front in the top drawer of the cabinet and close it	libero_kitchen_tabletop_manipulation	"{""kitchen_table"": ""kitchen_table"", ""wooden_cabinet_1"": ""wooden_cabinet""}"	"{""akita_black_bowl_1"": ""akita_black_bowl"", ""butter_1"": ""butter"", ""butter_2"": ""butter"", ""chocolate_pudding_1"": ""chocolate_pudding""}"	"[[""in"", ""butter_1"", ""wooden_cabinet_1_top_region""], [""close"", ""wooden_cabinet_1_top_region""]]"	ff40414805ab318995367c71f47bbbb137bf430820d37d9af2fe4a36f2a0e4c4	8cc4127d67f83d3ba7be635b020de75d9be7b5a567f46d45fe1f685d06881038	b3fb947c0ad4579749ba1c8d8b097491160046da0b9476ecea3dd3ab007a32ed	libero/bddl_files/libero_90/KITCHEN_SCENE10_put_the_butter_at_the_front_in_the_top_drawer_of_the_cabinet_and_close_it.bddl	af0684ddb06f1b9b1f151db3bea2d390e3b8b8eed1f2529b2e82d58c5e227709
LIBERO_90_06	libero_90	6	put the chocolate pudding in the top drawer of the cabinet and close it	libero_kitchen_tabletop_manipulation	"{""kitchen_table"": ""kitchen_table"", ""wooden_cabinet_1"": ""wooden_cabinet""}"	"{""akita_black_bowl_1"": ""akita_black_bowl"", ""butter_1"": ""butter"", ""butter_2"": ""butter"", ""chocolate_pudding_1"": ""chocolate_pudding""}"	"[[""in"", ""chocolate_pudding_1"", ""wooden_cabinet_1_top_region""], [""close"", ""wooden_cabinet_1_top_region""]]"	3e41d9c653ae2ea9a583efab6aed91536cb4536b2ff6027415ecd3636295a883	8cc4127d67f83d3ba7be635b020de75d9be7b5a567f46d45fe1f685d06881038	b3fb947c0ad4579749ba1c8d8b097491160046da0b9476ecea3dd3ab007a32ed	libero/bddl_files/libero_90/KITCHEN_SCENE10_put_the_chocolate_pudding_in_the_top_drawer_of_the_cabinet_and_close_it.bddl	f6438ca7aa12c288cc491844c5af26e06777a85c1a9ec7a65f62fbf14f9bf838
LIBERO_90_07	libero_90	7	open the bottom drawer of the cabinet	libero_kitchen_tabletop_manipulation	"{""kitchen_table"": ""kitchen_table"", ""wooden_cabinet_1"": ""wooden_cabinet""}"	"{""akita_black_bowl_1"": ""akita_black_bowl"", ""plate_1"": ""plate""}"	"[[""open"", ""wooden_cabinet_1_bottom_region""]]"	bff9807177f220f93e094a1b744925cd0dc3021e2e654e3d223d870d42a5225a	b12554c039cfe46866410a2ec7731f5fcb5c0f3e42889ce7a3096b7e510e281d	3fea8b4c4b5131a07bda6d10eaed86ecef2fab574ee20e68d01ef1ba974a39f2	libero/bddl_files/libero_90/KITCHEN_SCENE1_open_the_bottom_drawer_of_the_cabinet.bddl	26453b960c3c071a731e13d1447c31dd4dc939a8852030edad5e90d0ee465e0e
LIBERO_90_08	libero_90	8	open the top drawer of the cabinet	libero_kitchen_tabletop_manipulation	"{""kitchen_table"": ""kitchen_table"", ""wooden_cabinet_1"": ""wooden_cabinet""}"	"{""akita_black_bowl_1"": ""akita_black_bowl"", ""plate_1"": ""plate""}"	"[[""open"", ""wooden_cabinet_1_top_region""]]"	1c058bb6043600556ef49c43364b29ddeb93cfb029e52eaff964dfba2b4c4498	b12554c039cfe46866410a2ec7731f5fcb5c0f3e42889ce7a3096b7e510e281d	3fea8b4c4b5131a07bda6d10eaed86ecef2fab574ee20e68d01ef1ba974a39f2	libero/bddl_files/libero_90/KITCHEN_SCENE1_open_the_top_drawer_of_the_cabinet.bddl	d4f8f86fec0d4fe418f8c063792d07d179a71f06fb799dc5132ca06896e16ac1
LIBERO_90_09	libero_90	9	open the top drawer of the cabinet and put the bowl in it	libero_kitchen_tabletop_manipulation	"{""kitchen_table"": ""kitchen_table"", ""wooden_cabinet_1"": ""wooden_cabinet""}"	"{""akita_black_bowl_1"": ""akita_black_bowl"", ""plate_1"": ""plate""}"	"[[""open"", ""wooden_cabinet_1_top_region""], [""in"", ""akita_black_bowl_1"", ""wooden_cabinet_1_top_region""]]"	b39f48593f0b1d3e9b13cfb4a9faf003d819a495679aa8fda92d997fdc34a5f5	b12554c039cfe46866410a2ec7731f5fcb5c0f3e42889ce7a3096b7e510e281d	3fea8b4c4b5131a07bda6d10eaed86ecef2fab574ee20e68d01ef1ba974a39f2	libero/bddl_files/libero_90/KITCHEN_SCENE1_open_the_top_drawer_of_the_cabinet_and_put_the_bowl_in_it.bddl	642afeac021a9e8d20256da9fcd8a2f34ca2dd4df89a4d67c90b9facf46e4e97
LIBERO_90_10	libero_90	10	put the black bowl on the plate	libero_kitchen_tabletop_manipulation	"{""kitchen_table"": ""kitchen_table"", ""wooden_cabinet_1"": ""wooden_cabinet""}"	"{""akita_black_bowl_1"": ""akita_black_bowl"", ""plate_1"": ""plate""}"	"[[""on"", ""akita_black_bowl_1"", ""plate_1""]]"	50a3c3c04b671f56bb8849ce04c635931228014e60920c2244042d910bff0f24	b12554c039cfe46866410a2ec7731f5fcb5c0f3e42889ce7a3096b7e510e281d	3fea8b4c4b5131a07bda6d10eaed86ecef2fab574ee20e68d01ef1ba974a39f2	libero/bddl_files/libero_90/KITCHEN_SCENE1_put_the_black_bowl_on_the_plate.bddl	9875b091f27560f75e556353e204e8fb27526e3ee9449c02ef1b127115055450
LIBERO_90_11	libero_90	11	put the black bowl on top of the cabinet	libero_kitchen_tabletop_manipulation	"{""kitchen_table"": ""kitchen_table"", ""wooden_cabinet_1"": ""wooden_cabinet""}"	"{""akita_black_bowl_1"": ""akita_black_bowl"", ""plate_1"": ""plate""}"	"[[""on"", ""akita_black_bowl_1"", ""wooden_cabinet_1_top_side""]]"	089552fadd3da29b5e3a21cb518a38ba452fd7deaf2bc1191093f5f86bfc8fae	b12554c039cfe46866410a2ec7731f5fcb5c0f3e42889ce7a3096b7e510e281d	3fea8b4c4b5131a07bda6d10eaed86ecef2fab574ee20e68d01ef1ba974a39f2	libero/bddl_files/libero_90/KITCHEN_SCENE1_put_the_black_bowl_on_top_of_the_cabinet.bddl	ccfdf462b617303e43c1d194f03cc667be03dd705a92bfc689938c5952f538fa
LIBERO_90_12	libero_90	12	open the top drawer of the cabinet	libero_kitchen_tabletop_manipulation	"{""kitchen_table"": ""kitchen_table"", ""wooden_cabinet_1"": ""wooden_cabinet""}"	"{""akita_black_bowl_1"": ""akita_black_bowl"", ""akita_black_bowl_2"": ""akita_black_bowl"", ""akita_black_bowl_3"": ""akita_black_bowl"", ""plate_1"": ""plate""}"	"[[""open"", ""wooden_cabinet_1_top_region""]]"	f4c87a4591a630cb4ac9aa219e4e84beb99d3395c58e640b81b7eb5aa6c2e3f1	0ee12a3dc33670b23a0fd130ec985aa62ccaaccffa9118c5c6bdedfde59a0022	8778d98d19ba41477f356a4a64b55b975097766b981f08e9cf01d88f25276f59	libero/bddl_files/libero_90/KITCHEN_SCENE2_open_the_top_drawer_of_the_cabinet.bddl	f720fe5676043a9f543a02165f656e97ad2f4f82483a576a938d69b4ae404f26
LIBERO_90_13	libero_90	13	put the black bowl at the back on the plate	libero_kitchen_tabletop_manipulation	"{""kitchen_table"": ""kitchen_table"", ""wooden_cabinet_1"": ""wooden_cabinet""}"	"{""akita_black_bowl_1"": ""akita_black_bowl"", ""akita_black_bowl_2"": ""akita_black_bowl"", ""akita_black_bowl_3"": ""akita_black_bowl"", ""plate_1"": ""plate""}"	"[[""on"", ""akita_black_bowl_3"", ""plate_1""]]"	961bed4530f088b4bf11234aab48db2e83e420d6164e1297df368375bb61ec48	0ee12a3dc33670b23a0fd130ec985aa62ccaaccffa9118c5c6bdedfde59a0022	8778d98d19ba41477f356a4a64b55b975097766b981f08e9cf01d88f25276f59	libero/bddl_files/libero_90/KITCHEN_SCENE2_put_the_black_bowl_at_the_back_on_the_plate.bddl	2737aa69961170f8da85c221b5cb4a5d07c83df2c9fa6a96abddf04d4897680b
LIBERO_90_14	libero_90	14	put the black bowl at the front on the plate	libero_kitchen_tabletop_manipulation	"{""kitchen_table"": ""kitchen_table"", ""wooden_cabinet_1"": ""wooden_cabinet""}"	"{""akita_black_bowl_1"": ""akita_black_bowl"", ""akita_black_bowl_2"": ""akita_black_bowl"", ""akita_black_bowl_3"": ""akita_black_bowl"", ""plate_1"": ""plate""}"	"[[""on"", ""akita_black_bowl_1"", ""plate_1""]]"	ef5fc6d01b838df7a7235abfaea6aa22b4a2ed190a89d9e0754162713afcc16b	0ee12a3dc33670b23a0fd130ec985aa62ccaaccffa9118c5c6bdedfde59a0022	8778d98d19ba41477f356a4a64b55b975097766b981f08e9cf01d88f25276f59	libero/bddl_files/libero_90/KITCHEN_SCENE2_put_the_black_bowl_at_the_front_on_the_plate.bddl	6cae8e15ca524c067b2eeae02e95400a5f14ad5152e358d4acaeb355f23d0d54
LIBERO_90_15	libero_90	15	put the black bowl in the middle on the plate	libero_kitchen_tabletop_manipulation	"{""kitchen_table"": ""kitchen_table"", ""wooden_cabinet_1"": ""wooden_cabinet""}"	"{""akita_black_bowl_1"": ""akita_black_bowl"", ""akita_black_bowl_2"": ""akita_black_bowl"", ""akita_black_bowl_3"": ""akita_black_bowl"", ""plate_1"": ""plate""}"	"[[""on"", ""akita_black_bowl_2"", ""plate_1""]]"	1fa619747045df27ffc11c6c33e03ca4646c3dc486249491f54bbb57e01a86ec	0ee12a3dc33670b23a0fd130ec985aa62ccaaccffa9118c5c6bdedfde59a0022	8778d98d19ba41477f356a4a64b55b975097766b981f08e9cf01d88f25276f59	libero/bddl_files/libero_90/KITCHEN_SCENE2_put_the_middle_black_bowl_on_the_plate.bddl	a8e33d394ddf23f9707937db18d1a42a43e882989ce36e7cbf95d63dc2bc5645
LIBERO_90_16	libero_90	16	put the middle black bowl on top of the cabinet	libero_kitchen_tabletop_manipulation	"{""kitchen_table"": ""kitchen_table"", ""wooden_cabinet_1"": ""wooden_cabinet""}"	"{""akita_black_bowl_1"": ""akita_black_bowl"", ""akita_black_bowl_2"": ""akita_black_bowl"", ""akita_black_bowl_3"": ""akita_black_bowl"", ""plate_1"": ""plate""}"	"[[""on"", ""akita_black_bowl_2"", ""wooden_cabinet_1_top_side""]]"	1337b5d80bf681ed2a0d49713d7249151acead8ede5082bea13d1639445388a9	0ee12a3dc33670b23a0fd130ec985aa62ccaaccffa9118c5c6bdedfde59a0022	8778d98d19ba41477f356a4a64b55b975097766b981f08e9cf01d88f25276f59	libero/bddl_files/libero_90/KITCHEN_SCENE2_put_the_middle_black_bowl_on_top_of_the_cabinet.bddl	7d42a8806524b08fa90f67e31e3c80a339f0ecba7a7d6cb378612a6b4648705e
LIBERO_90_17	libero_90	17	stack the black bowl at the front on the black bowl in the middle	libero_kitchen_tabletop_manipulation	"{""kitchen_table"": ""kitchen_table"", ""wooden_cabinet_1"": ""wooden_cabinet""}"	"{""akita_black_bowl_1"": ""akita_black_bowl"", ""akita_black_bowl_2"": ""akita_black_bowl"", ""akita_black_bowl_3"": ""akita_black_bowl"", ""plate_1"": ""plate""}"	"[[""on"", ""akita_black_bowl_1"", ""akita_black_bowl_2""]]"	468fc274b522333827dfddddbb24a0f152a503d6c430bc74fa70b5d2be30451d	0ee12a3dc33670b23a0fd130ec985aa62ccaaccffa9118c5c6bdedfde59a0022	8778d98d19ba41477f356a4a64b55b975097766b981f08e9cf01d88f25276f59	libero/bddl_files/libero_90/KITCHEN_SCENE2_stack_the_black_bowl_at_the_front_on_the_black_bowl_in_the_middle.bddl	381cf12788739624b2037b3cabca34b8efdd7c6397bf38c1af7056caf49d38b7
LIBERO_90_18	libero_90	18	stack the black bowl in the middle on the black bowl at the front	libero_kitchen_tabletop_manipulation	"{""kitchen_table"": ""kitchen_table"", ""wooden_cabinet_1"": ""wooden_cabinet""}"	"{""akita_black_bowl_1"": ""akita_black_bowl"", ""akita_black_bowl_2"": ""akita_black_bowl"", ""akita_black_bowl_3"": ""akita_black_bowl"", ""plate_1"": ""plate""}"	"[[""on"", ""akita_black_bowl_2"", ""akita_black_bowl_3""]]"	13fd591bb151656ca4d7147bf7eb255553200cf9e0146aedf5762fa82351051f	0ee12a3dc33670b23a0fd130ec985aa62ccaaccffa9118c5c6bdedfde59a0022	8778d98d19ba41477f356a4a64b55b975097766b981f08e9cf01d88f25276f59	libero/bddl_files/libero_90/KITCHEN_SCENE2_stack_the_middle_black_bowl_on_the_back_black_bowl.bddl	5ec3417a41a4a98764a111ac11e10bb1bf36d108d04c16bc2c173ad6e9e8dc6d
LIBERO_90_19	libero_90	19	put the frying pan on the stove	libero_kitchen_tabletop_manipulation	"{""flat_stove_1"": ""flat_stove"", ""kitchen_table"": ""kitchen_table""}"	"{""chefmate_8_frypan_1"": ""chefmate_8_frypan"", ""moka_pot_1"": ""moka_pot""}"	"[[""on"", ""chefmate_8_frypan_1"", ""flat_stove_1_cook_region""]]"	bcba31927a03daff5d9f73dc0b64d139be0af0e35f70a984f9f2114634e87676	b676ea7f450e383054b5896e9c0037162fedf7eac988c978c993a5a2aac1a000	778949fa06e250e71a606ba852e2317aef43220c63022a65b7ef01be16226fef	libero/bddl_files/libero_90/KITCHEN_SCENE3_put_the_frying_pan_on_the_stove.bddl	f54f8550e4058af1ed72aa0a0a41a4ae8d8d5cacbf453085130b0a279c7f8d55
LIBERO_90_20	libero_90	20	put the moka pot on the stove	libero_kitchen_tabletop_manipulation	"{""flat_stove_1"": ""flat_stove"", ""kitchen_table"": ""kitchen_table""}"	"{""chefmate_8_frypan_1"": ""chefmate_8_frypan"", ""moka_pot_1"": ""moka_pot""}"	"[[""on"", ""moka_pot_1"", ""flat_stove_1_cook_region""]]"	2e52087fa2613c255544fa08380005c24aca8cf2587db67ac8d117947cd0ab7f	b676ea7f450e383054b5896e9c0037162fedf7eac988c978c993a5a2aac1a000	778949fa06e250e71a606ba852e2317aef43220c63022a65b7ef01be16226fef	libero/bddl_files/libero_90/KITCHEN_SCENE3_put_the_moka_pot_on_the_stove.bddl	d94a21d1fb32f76c08050242581c692486ae12956ae2de3dd96dd4d7d656fcd6
LIBERO_90_21	libero_90	21	turn on the stove	libero_kitchen_tabletop_manipulation	"{""flat_stove_1"": ""flat_stove"", ""kitchen_table"": ""kitchen_table""}"	"{""chefmate_8_frypan_1"": ""chefmate_8_frypan"", ""moka_pot_1"": ""moka_pot""}"	"[[""turnon"", ""flat_stove_1""]]"	530f946ebd613ef48d57875b2811fac7809fc82ac440e13457c02a61fe695ef4	b676ea7f450e383054b5896e9c0037162fedf7eac988c978c993a5a2aac1a000	778949fa06e250e71a606ba852e2317aef43220c63022a65b7ef01be16226fef	libero/bddl_files/libero_90/KITCHEN_SCENE3_turn_on_the_stove.bddl	b081c85eec6ba5ede60bcb773e33cef284bd7befc96d4bbeeff48764d6fe16d6
LIBERO_90_22	libero_90	22	turn on the stove and put the frying pan on it	libero_kitchen_tabletop_manipulation	"{""flat_stove_1"": ""flat_stove"", ""kitchen_table"": ""kitchen_table""}"	"{""chefmate_8_frypan_1"": ""chefmate_8_frypan"", ""moka_pot_1"": ""moka_pot""}"	"[[""turnon"", ""flat_stove_1""], [""on"", ""chefmate_8_frypan_1"", ""flat_stove_1_cook_region""]]"	ed0e25a2533d45ba92813a91a8a351bfb86856b93905f53098fa102d93186433	b676ea7f450e383054b5896e9c0037162fedf7eac988c978c993a5a2aac1a000	778949fa06e250e71a606ba852e2317aef43220c63022a65b7ef01be16226fef	libero/bddl_files/libero_90/KITCHEN_SCENE3_turn_on_the_stove_and_put_the_frying_pan_on_it.bddl	f478f7d636e36ff4f6a689a43e01d9b9310429a7e3c5e7c397cbea766e81c125
LIBERO_90_23	libero_90	23	close the bottom drawer of the cabinet	libero_kitchen_tabletop_manipulation	"{""kitchen_table"": ""kitchen_table"", ""white_cabinet_1"": ""white_cabinet"", ""wine_rack_1"": ""wine_rack""}"	"{""akita_black_bowl_1"": ""akita_black_bowl"", ""wine_bottle_1"": ""wine_bottle""}"	"[[""close"", ""white_cabinet_1_bottom_region""]]"	3c2574884fb2f4cd2ca8f3fa50185f747646ae53f7fb8366ce962c8e0cf92614	f86cc91b9496f7cc93d2b4267f859c47a5969d1bbf021e363074ff42edfb511b	01fa5981d657440c087f9c25d1d951d18eb6c20da4e96f6d50241c28a09a8b60	libero/bddl_files/libero_90/KITCHEN_SCENE4_close_the_bottom_drawer_of_the_cabinet.bddl	625d60f5028da5944f596df6a10b19d4cff3df2d5721650da671612e58f21527
LIBERO_90_24	libero_90	24	close the bottom drawer of the cabinet and open the top drawer	libero_kitchen_tabletop_manipulation	"{""kitchen_table"": ""kitchen_table"", ""white_cabinet_1"": ""white_cabinet"", ""wine_rack_1"": ""wine_rack""}"	"{""akita_black_bowl_1"": ""akita_black_bowl"", ""wine_bottle_1"": ""wine_bottle""}"	"[[""close"", ""white_cabinet_1_bottom_region""], [""open"", ""white_cabinet_1_top_region""]]"	b2271145571a18d7b54f31f71a7ada37c4cf0a896682bf7833bb77e0d3051deb	f86cc91b9496f7cc93d2b4267f859c47a5969d1bbf021e363074ff42edfb511b	01fa5981d657440c087f9c25d1d951d18eb6c20da4e96f6d50241c28a09a8b60	libero/bddl_files/libero_90/KITCHEN_SCENE4_close_the_bottom_drawer_of_the_cabinet_and_open_the_top_drawer.bddl	18b09520ca3a22695c469c6537dc94ef58bbb2326b0d870e22ac7b1daf4f8f49
LIBERO_90_25	libero_90	25	put the black bowl in the bottom drawer of the cabinet	libero_kitchen_tabletop_manipulation	"{""kitchen_table"": ""kitchen_table"", ""white_cabinet_1"": ""white_cabinet"", ""wine_rack_1"": ""wine_rack""}"	"{""akita_black_bowl_1"": ""akita_black_bowl"", ""wine_bottle_1"": ""wine_bottle""}"	"[[""in"", ""akita_black_bowl_1"", ""white_cabinet_1_bottom_region""]]"	8591b39517167d6dd2fd040968cc4299c94412c85aafd85278ec2d028d10fdc3	f86cc91b9496f7cc93d2b4267f859c47a5969d1bbf021e363074ff42edfb511b	01fa5981d657440c087f9c25d1d951d18eb6c20da4e96f6d50241c28a09a8b60	libero/bddl_files/libero_90/KITCHEN_SCENE4_put_the_black_bowl_in_the_bottom_drawer_of_the_cabinet.bddl	ef4d7e68ed3a7c84141fdc881233d1981b0ddfa0ec35e06ff762e4f161599dc0
LIBERO_90_26	libero_90	26	put the black bowl on top of the cabinet	libero_kitchen_tabletop_manipulation	"{""kitchen_table"": ""kitchen_table"", ""white_cabinet_1"": ""white_cabinet"", ""wine_rack_1"": ""wine_rack""}"	"{""akita_black_bowl_1"": ""akita_black_bowl"", ""wine_bottle_1"": ""wine_bottle""}"	"[[""on"", ""akita_black_bowl_1"", ""white_cabinet_1_top_side""]]"	609116eefc25821163617c1457df39fa244adc4a71f550135c34f10ff3068d0e	f86cc91b9496f7cc93d2b4267f859c47a5969d1bbf021e363074ff42edfb511b	01fa5981d657440c087f9c25d1d951d18eb6c20da4e96f6d50241c28a09a8b60	libero/bddl_files/libero_90/KITCHEN_SCENE4_put_the_black_bowl_on_top_of_the_cabinet.bddl	d03064c6e26a4ad51a1d3f53b1f068a1cfefc83440c0abbda0bda47b3b657edb
LIBERO_90_27	libero_90	27	put the wine bottle in the bottom drawer of the cabinet	libero_kitchen_tabletop_manipulation	"{""kitchen_table"": ""kitchen_table"", ""white_cabinet_1"": ""white_cabinet"", ""wine_rack_1"": ""wine_rack""}"	"{""akita_black_bowl_1"": ""akita_black_bowl"", ""wine_bottle_1"": ""wine_bottle""}"	"[[""in"", ""wine_bottle_1"", ""white_cabinet_1_bottom_region""]]"	d8f98b0a3125129b1b2eb28dfdfac4595254c909b2f3194528ad7d3bfa0a3ca4	f86cc91b9496f7cc93d2b4267f859c47a5969d1bbf021e363074ff42edfb511b	01fa5981d657440c087f9c25d1d951d18eb6c20da4e96f6d50241c28a09a8b60	libero/bddl_files/libero_90/KITCHEN_SCENE4_put_the_wine_bottle_in_the_bottom_drawer_of_the_cabinet.bddl	70fd15c43ee8f9c92e2e832e64a8afd118d9cba43b7817572750b03b6cba06fc
LIBERO_90_28	libero_90	28	put the wine bottle on the wine rack	libero_kitchen_tabletop_manipulation	"{""kitchen_table"": ""kitchen_table"", ""white_cabinet_1"": ""white_cabinet"", ""wine_rack_1"": ""wine_rack""}"	"{""akita_black_bowl_1"": ""akita_black_bowl"", ""wine_bottle_1"": ""wine_bottle""}"	"[[""on"", ""wine_bottle_1"", ""wine_rack_1_top_region""]]"	136241bcf8c60b41fa8e7f55b6e9851d2c200c27743740910a51a213d489d68e	f86cc91b9496f7cc93d2b4267f859c47a5969d1bbf021e363074ff42edfb511b	01fa5981d657440c087f9c25d1d951d18eb6c20da4e96f6d50241c28a09a8b60	libero/bddl_files/libero_90/KITCHEN_SCENE4_put_the_wine_bottle_on_the_wine_rack.bddl	a5a1a379b1c9511105218c72417b1b4d76ece5119ef08cefcd51facfb2f1b108
LIBERO_90_29	libero_90	29	close the top drawer of the cabinet	libero_kitchen_tabletop_manipulation	"{""kitchen_table"": ""kitchen_table"", ""white_cabinet_1"": ""white_cabinet""}"	"{""akita_black_bowl_1"": ""akita_black_bowl"", ""ketchup_1"": ""ketchup"", ""plate_1"": ""plate""}"	"[[""close"", ""white_cabinet_1_top_region""]]"	d7963c3b15fe272591f15948591c82e3a995cb6492186cdc6d006d00317a92f7	ac7a32d1cc9739dd2140d8592918178a13b7572537aa94ef2225ef040bc763d3	ca9dcc822c8573ab07ea2713569d77e0ceceb27bc2d7c2c57095010ce99e5c96	libero/bddl_files/libero_90/KITCHEN_SCENE5_close_the_top_drawer_of_the_cabinet.bddl	8a3a63e58724927992d314ce99b7308c4a80401d4f2bf832bbd6fb1b836b162f
LIBERO_90_30	libero_90	30	put the black bowl in the top drawer of the cabinet	libero_kitchen_tabletop_manipulation	"{""kitchen_table"": ""kitchen_table"", ""white_cabinet_1"": ""white_cabinet""}"	"{""akita_black_bowl_1"": ""akita_black_bowl"", ""ketchup_1"": ""ketchup"", ""plate_1"": ""plate""}"	"[[""in"", ""akita_black_bowl_1"", ""white_cabinet_1_top_region""]]"	b988644bd7a366f536a3933f8ff4a3814fe18afeb2547bc91230c5324e459bde	ac7a32d1cc9739dd2140d8592918178a13b7572537aa94ef2225ef040bc763d3	ca9dcc822c8573ab07ea2713569d77e0ceceb27bc2d7c2c57095010ce99e5c96	libero/bddl_files/libero_90/KITCHEN_SCENE5_put_the_black_bowl_in_the_top_drawer_of_the_cabinet.bddl	df10ccf402c0fdb47f50cf77c295e3014d5283504048c9da5089dd5af08f13ee
LIBERO_90_31	libero_90	31	put the black bowl on the plate	libero_kitchen_tabletop_manipulation	"{""kitchen_table"": ""kitchen_table"", ""white_cabinet_1"": ""white_cabinet""}"	"{""akita_black_bowl_1"": ""akita_black_bowl"", ""ketchup_1"": ""ketchup"", ""plate_1"": ""plate""}"	"[[""on"", ""akita_black_bowl_1"", ""plate_1""]]"	e01f91b335c40c696adc6691b3b0bb58b8258e221ac60969bfb09aa2bb8b1944	ac7a32d1cc9739dd2140d8592918178a13b7572537aa94ef2225ef040bc763d3	ca9dcc822c8573ab07ea2713569d77e0ceceb27bc2d7c2c57095010ce99e5c96	libero/bddl_files/libero_90/KITCHEN_SCENE5_put_the_black_bowl_on_the_plate.bddl	858a18579b18d23aca74f0c1042841c0ae9117f4952eb42be6260b4e46052b50
LIBERO_90_32	libero_90	32	put the black bowl on top of the cabinet	libero_kitchen_tabletop_manipulation	"{""kitchen_table"": ""kitchen_table"", ""white_cabinet_1"": ""white_cabinet""}"	"{""akita_black_bowl_1"": ""akita_black_bowl"", ""ketchup_1"": ""ketchup"", ""plate_1"": ""plate""}"	"[[""on"", ""akita_black_bowl_1"", ""white_cabinet_1_top_side""]]"	7e249e9ec2fc4f462390ee60f2b073d32e42e6a09120493a595720b574756f03	ac7a32d1cc9739dd2140d8592918178a13b7572537aa94ef2225ef040bc763d3	ca9dcc822c8573ab07ea2713569d77e0ceceb27bc2d7c2c57095010ce99e5c96	libero/bddl_files/libero_90/KITCHEN_SCENE5_put_the_black_bowl_on_top_of_the_cabinet.bddl	c43bc716d0015fd88243bd979290cf7509e1fa1ab9c5c4482329eb34b69220b0
LIBERO_90_33	libero_90	33	put the ketchup in the top drawer of the cabinet	libero_kitchen_tabletop_manipulation	"{""kitchen_table"": ""kitchen_table"", ""white_cabinet_1"": ""white_cabinet""}"	"{""akita_black_bowl_1"": ""akita_black_bowl"", ""ketchup_1"": ""ketchup"", ""plate_1"": ""plate""}"	"[[""in"", ""ketchup_1"", ""white_cabinet_1_top_region""]]"	75f7915e661461c7c3b3cfef2ed6b4eeba60c91ff0b1ba565a078c2868c5da2b	ac7a32d1cc9739dd2140d8592918178a13b7572537aa94ef2225ef040bc763d3	ca9dcc822c8573ab07ea2713569d77e0ceceb27bc2d7c2c57095010ce99e5c96	libero/bddl_files/libero_90/KITCHEN_SCENE5_put_the_ketchup_in_the_top_drawer_of_the_cabinet.bddl	6ac925726b1963919995df27483c5e5ba72877b5de52f7e40c6c47ce382d0a1c
LIBERO_90_34	libero_90	34	close the microwave	libero_kitchen_tabletop_manipulation	"{""kitchen_table"": ""kitchen_table"", ""microwave_1"": ""microwave""}"	"{""porcelain_mug_1"": ""porcelain_mug"", ""white_yellow_mug_1"": ""white_yellow_mug""}"	"[[""close"", ""microwave_1""]]"	97a00882bb25dc04315437fdd568d4ac4e47cde0a4dd5b29b1ae16b57599f762	5145711540cc06179075f50b860788ae51fccd987a51e961bf5d7d1380e4949c	190126982d6a407e856c1df37a5ff90f157072d26682204c4279de01bde50525	libero/bddl_files/libero_90/KITCHEN_SCENE6_close_the_microwave.bddl	97df87deffb264990bcb06b877deaace02d296c01de7cc5c312c7bfc30da3b00
LIBERO_90_35	libero_90	35	put the yellow and white mug to the front of the white mug	libero_kitchen_tabletop_manipulation	"{""kitchen_table"": ""kitchen_table"", ""microwave_1"": ""microwave""}"	"{""porcelain_mug_1"": ""porcelain_mug"", ""white_yellow_mug_1"": ""white_yellow_mug""}"	"[[""on"", ""white_yellow_mug_1"", ""kitchen_table_porcelain_mug_front_region""]]"	1237bf1bd371d53336b84b4cfb8600983b1521bdc4f3153b570da4abebf6c28d	5145711540cc06179075f50b860788ae51fccd987a51e961bf5d7d1380e4949c	190126982d6a407e856c1df37a5ff90f157072d26682204c4279de01bde50525	libero/bddl_files/libero_90/KITCHEN_SCENE6_put_the_yellow_and_white_mug_to_the_front_of_the_white_mug.bddl	d766b419c796848db2c93b46b9388770d8a2597730623ccab02a37853a6538d6
LIBERO_90_36	libero_90	36	open the microwave	libero_kitchen_tabletop_manipulation	"{""kitchen_table"": ""kitchen_table"", ""microwave_1"": ""microwave""}"	"{""plate_1"": ""plate"", ""white_bowl_1"": ""white_bowl""}"	"[[""open"", ""microwave_1""]]"	4fdbd306807e81cda2c908ca3655b3950c115f0216d9a5c91b49b3577bf5ea88	9a5c9c415ebaed7d23859d898b90c69d8be0c0acd96d2dbd91b8bf2c756d6e06	8c81bbd46046872f5260fcdab437ebb01fa250791a6b553127abe3a3f9c07425	libero/bddl_files/libero_90/KITCHEN_SCENE7_open_the_microwave.bddl	af12c019cde75245f2d301c2519dca670818f6827ad412853777ec9389874f2f
LIBERO_90_37	libero_90	37	put the white bowl on the plate	libero_kitchen_tabletop_manipulation	"{""kitchen_table"": ""kitchen_table"", ""microwave_1"": ""microwave""}"	"{""plate_1"": ""plate"", ""white_bowl_1"": ""white_bowl""}"	"[[""on"", ""white_bowl_1"", ""plate_1""]]"	47a0c7e8887cf0769bfb8dbfb1326380d77afca3fe32c16adcefc7825006baa5	9a5c9c415ebaed7d23859d898b90c69d8be0c0acd96d2dbd91b8bf2c756d6e06	8c81bbd46046872f5260fcdab437ebb01fa250791a6b553127abe3a3f9c07425	libero/bddl_files/libero_90/KITCHEN_SCENE7_put_the_white_bowl_on_the_plate.bddl	dc9b9db1cfc513b0ce88fa40c0406ccb6b4dbf42543404b88319e94f0f34c6ee
LIBERO_90_38	libero_90	38	put the white bowl to the right of the plate	libero_kitchen_tabletop_manipulation	"{""kitchen_table"": ""kitchen_table"", ""microwave_1"": ""microwave""}"	"{""plate_1"": ""plate"", ""white_bowl_1"": ""white_bowl""}"	"[[""on"", ""white_bowl_1"", ""kitchen_table_plate_right_region""]]"	7ac0c6f3d03a157ce7982bda0ae94bd58a1765bbaa81fc5790904184c1226387	9a5c9c415ebaed7d23859d898b90c69d8be0c0acd96d2dbd91b8bf2c756d6e06	8c81bbd46046872f5260fcdab437ebb01fa250791a6b553127abe3a3f9c07425	libero/bddl_files/libero_90/KITCHEN_SCENE7_put_the_white_bowl_to_the_right_of_the_plate.bddl	ab81d511d4ea256154fa759b9e09e10c5209642a1048c44996a09cb0daea6296
LIBERO_90_39	libero_90	39	put the right moka pot on the stove	libero_kitchen_tabletop_manipulation	"{""flat_stove_1"": ""flat_stove"", ""kitchen_table"": ""kitchen_table""}"	"{""moka_pot_1"": ""moka_pot"", ""moka_pot_2"": ""moka_pot""}"	"[[""on"", ""moka_pot_1"", ""flat_stove_1_cook_region""], [""turnon"", ""flat_stove_1""]]"	8fc077cd0effc301ceaf6e5405d5fdd703c2fdf76796db000d29e6ef64d4bcb0	4f388f5cea9163a1834c74a666ec2f5502f31437beef22c0c05256479d49ffde	a1e91883ebdd96d82aa35ef7427c4e573650d3d9de4b2e32465be3cc8f8adab6	libero/bddl_files/libero_90/KITCHEN_SCENE8_put_the_right_moka_pot_on_the_stove.bddl	e301f416142994ebfb993f2da8d623dc48e68c74a3a9aae10ea29fc8f6c8858c
LIBERO_90_40	libero_90	40	turn off the stove	libero_kitchen_tabletop_manipulation	"{""flat_stove_1"": ""flat_stove"", ""kitchen_table"": ""kitchen_table""}"	"{""moka_pot_1"": ""moka_pot"", ""moka_pot_2"": ""moka_pot""}"	"[[""turnoff"", ""flat_stove_1""]]"	31b671d3f0f9e7f6bbbc013b671a3f24e11871ed6ac36f06c574fc492457b476	4f388f5cea9163a1834c74a666ec2f5502f31437beef22c0c05256479d49ffde	a1e91883ebdd96d82aa35ef7427c4e573650d3d9de4b2e32465be3cc8f8adab6	libero/bddl_files/libero_90/KITCHEN_SCENE8_turn_off_the_stove.bddl	f8853af24d192d8416cba268ad3b95ad697cb92a06922bad5f1e4a6d5646c4f3
LIBERO_90_41	libero_90	41	put the frying pan on the cabinet shelf	libero_kitchen_tabletop_manipulation	"{""flat_stove_1"": ""flat_stove"", ""kitchen_table"": ""kitchen_table"", ""wooden_two_layer_shelf_1"": ""wooden_two_layer_shelf""}"	"{""chefmate_8_frypan_1"": ""chefmate_8_frypan"", ""white_bowl_1"": ""white_bowl""}"	"[[""in"", ""chefmate_8_frypan_1"", ""wooden_two_layer_shelf_1_top_region""]]"	98d927af215fe965eba02baf2d16a30b0f82cfc0d60b54174e123b39d9759d27	ab693f21c0e442f2b645e9277c226a3aa634ea19bd92851165c8481f8153434c	df7cb10e1648cb33c9cf3714604a1ce27de944b700e81039a641bf018d89a5bc	libero/bddl_files/libero_90/KITCHEN_SCENE9_put_the_frying_pan_on_the_cabinet_shelf.bddl	6c779772e772fae0f2a1e3b6fc48536ea165295021635c27962d2a8bba7becc2
LIBERO_90_42	libero_90	42	put the frying pan on top of the cabinet	libero_kitchen_tabletop_manipulation	"{""flat_stove_1"": ""flat_stove"", ""kitchen_table"": ""kitchen_table"", ""wooden_two_layer_shelf_1"": ""wooden_two_layer_shelf""}"	"{""chefmate_8_frypan_1"": ""chefmate_8_frypan"", ""white_bowl_1"": ""white_bowl""}"	"[[""on"", ""chefmate_8_frypan_1"", ""wooden_two_layer_shelf_1_top_side""]]"	d23d277cd1132af27874bebbe27703f5c178c1b68362b26277725fcf5fe2b2f6	ab693f21c0e442f2b645e9277c226a3aa634ea19bd92851165c8481f8153434c	df7cb10e1648cb33c9cf3714604a1ce27de944b700e81039a641bf018d89a5bc	libero/bddl_files/libero_90/KITCHEN_SCENE9_put_the_frying_pan_on_top_of_the_cabinet.bddl	dab7ed3a0f17e0f619a50130a247a706af0903402c9876ea5957f8cc90964bb5
LIBERO_90_43	libero_90	43	put the frying pan under the cabinet shelf	libero_kitchen_tabletop_manipulation	"{""flat_stove_1"": ""flat_stove"", ""kitchen_table"": ""kitchen_table"", ""wooden_two_layer_shelf_1"": ""wooden_two_layer_shelf""}"	"{""chefmate_8_frypan_1"": ""chefmate_8_frypan"", ""white_bowl_1"": ""white_bowl""}"	"[[""in"", ""chefmate_8_frypan_1"", ""wooden_two_layer_shelf_1_bottom_region""]]"	99267a0fa282583b4e2406284d3069edbc6eed8be91bd749a4f95a48d5ae3ab7	ab693f21c0e442f2b645e9277c226a3aa634ea19bd92851165c8481f8153434c	df7cb10e1648cb33c9cf3714604a1ce27de944b700e81039a641bf018d89a5bc	libero/bddl_files/libero_90/KITCHEN_SCENE9_put_the_frying_pan_under_the_cabinet_shelf.bddl	a414dbc0ca297d07c9f609dc63948e312e1f977bf2e85344cb54ad8c957bda2b
LIBERO_90_44	libero_90	44	put the white bowl on top of the cabinet	libero_kitchen_tabletop_manipulation	"{""flat_stove_1"": ""flat_stove"", ""kitchen_table"": ""kitchen_table"", ""wooden_two_layer_shelf_1"": ""wooden_two_layer_shelf""}"	"{""chefmate_8_frypan_1"": ""chefmate_8_frypan"", ""white_bowl_1"": ""white_bowl""}"	"[[""on"", ""white_bowl_1"", ""wooden_two_layer_shelf_1_top_side""]]"	d6d5c047a4cace0fcbec3bdaec60f61abdb73bf8dd7767e87d89154ca0409a85	ab693f21c0e442f2b645e9277c226a3aa634ea19bd92851165c8481f8153434c	df7cb10e1648cb33c9cf3714604a1ce27de944b700e81039a641bf018d89a5bc	libero/bddl_files/libero_90/KITCHEN_SCENE9_put_the_white_bowl_on_top_of_the_cabinet.bddl	a595358c840e6dca31d2d914726bb49d58944252ae868796bd603345a444b627
LIBERO_90_45	libero_90	45	turn on the stove	libero_kitchen_tabletop_manipulation	"{""flat_stove_1"": ""flat_stove"", ""kitchen_table"": ""kitchen_table"", ""wooden_two_layer_shelf_1"": ""wooden_two_layer_shelf""}"	"{""chefmate_8_frypan_1"": ""chefmate_8_frypan"", ""white_bowl_1"": ""white_bowl""}"	"[[""turnon"", ""flat_stove_1""]]"	086e4ad03ee08b96735a3765b4567f4f96fb97fe8fa82e61f91cef0b3f014941	ab693f21c0e442f2b645e9277c226a3aa634ea19bd92851165c8481f8153434c	df7cb10e1648cb33c9cf3714604a1ce27de944b700e81039a641bf018d89a5bc	libero/bddl_files/libero_90/KITCHEN_SCENE9_turn_on_the_stove.bddl	e258902172935538f45757dfad6e5c25b2313138555cbf79e6119a4024948d13
LIBERO_90_46	libero_90	46	turn on the stove and put the frying pan on it	libero_kitchen_tabletop_manipulation	"{""flat_stove_1"": ""flat_stove"", ""kitchen_table"": ""kitchen_table"", ""wooden_two_layer_shelf_1"": ""wooden_two_layer_shelf""}"	"{""chefmate_8_frypan_1"": ""chefmate_8_frypan"", ""white_bowl_1"": ""white_bowl""}"	"[[""turnon"", ""flat_stove_1""], [""on"", ""chefmate_8_frypan_1"", ""flat_stove_1_cook_region""]]"	cac03c14e4226b63c5866561501caecfc26b1d56c48c3de54319dd740ddad71e	ab693f21c0e442f2b645e9277c226a3aa634ea19bd92851165c8481f8153434c	df7cb10e1648cb33c9cf3714604a1ce27de944b700e81039a641bf018d89a5bc	libero/bddl_files/libero_90/KITCHEN_SCENE9_turn_on_the_stove_and_put_the_frying_pan_on_it.bddl	83bdf9dec9795fec4d378c0914184bb2e09fa4dbd8038edfee75844040676087
LIBERO_90_47	libero_90	47	pick up the alphabet soup and put it in the basket	libero_living_room_tabletop_manipulation	"{""living_room_table"": ""living_room_table""}"	"{""alphabet_soup_1"": ""alphabet_soup"", ""basket_1"": ""basket"", ""cream_cheese_1"": ""cream_cheese"", ""ketchup_1"": ""ketchup"", ""tomato_sauce_1"": ""tomato_sauce""}"	"[[""in"", ""alphabet_soup_1"", ""basket_1_contain_region""]]"	b9b2b818e66714795dfe8d24cbec6bb9ce112922173597f1146e666a0c3b285c	dfd3ac0f438b518634aa5cf36a4868e9044de4827ae909d9a09f7b5547739067	a23cb6b4679e25de0fc5aaff31650aba5d19a7d915baa1b7a45abe6bdf29e769	libero/bddl_files/libero_90/LIVING_ROOM_SCENE1_pick_up_the_alphabet_soup_and_put_it_in_the_basket.bddl	99ae5af0f77aca18d2eab39e4b302a9af59ae86766b8e7dc528c08a75fa12515
LIBERO_90_48	libero_90	48	pick up the cream cheese box and put it in the basket	libero_living_room_tabletop_manipulation	"{""living_room_table"": ""living_room_table""}"	"{""alphabet_soup_1"": ""alphabet_soup"", ""basket_1"": ""basket"", ""cream_cheese_1"": ""cream_cheese"", ""ketchup_1"": ""ketchup"", ""tomato_sauce_1"": ""tomato_sauce""}"	"[[""in"", ""cream_cheese_1"", ""basket_1_contain_region""]]"	fc6471d6b34fe45321ed67bc8885138ff31b2507ce8db51f6ef95f0c8adbf287	dfd3ac0f438b518634aa5cf36a4868e9044de4827ae909d9a09f7b5547739067	a23cb6b4679e25de0fc5aaff31650aba5d19a7d915baa1b7a45abe6bdf29e769	libero/bddl_files/libero_90/LIVING_ROOM_SCENE1_pick_up_the_cream_cheese_box_and_put_it_in_the_basket.bddl	750d8ec117142214ab2910df68290258be0b516adadc753a02297267028ea9dd
LIBERO_90_49	libero_90	49	pick up the ketchup and put it in the basket	libero_living_room_tabletop_manipulation	"{""living_room_table"": ""living_room_table""}"	"{""alphabet_soup_1"": ""alphabet_soup"", ""basket_1"": ""basket"", ""cream_cheese_1"": ""cream_cheese"", ""ketchup_1"": ""ketchup"", ""tomato_sauce_1"": ""tomato_sauce""}"	"[[""in"", ""ketchup_1"", ""basket_1_contain_region""]]"	cbb70e0fd715cbbdfbfe7c1660320b54153075fabb3f69fdbe4d6b495cd03252	dfd3ac0f438b518634aa5cf36a4868e9044de4827ae909d9a09f7b5547739067	a23cb6b4679e25de0fc5aaff31650aba5d19a7d915baa1b7a45abe6bdf29e769	libero/bddl_files/libero_90/LIVING_ROOM_SCENE1_pick_up_the_ketchup_and_put_it_in_the_basket.bddl	4dda6bfe902c85a12e8bf54295f212d857d30fbadd43e7579a14c4b31f078121
LIBERO_90_50	libero_90	50	pick up the tomato sauce and put it in the basket	libero_living_room_tabletop_manipulation	"{""living_room_table"": ""living_room_table""}"	"{""alphabet_soup_1"": ""alphabet_soup"", ""basket_1"": ""basket"", ""cream_cheese_1"": ""cream_cheese"", ""ketchup_1"": ""ketchup"", ""tomato_sauce_1"": ""tomato_sauce""}"	"[[""in"", ""tomato_sauce_1"", ""basket_1_contain_region""]]"	09bf692246a2e360fddd58270b5522120e5703b7c926846172befbe7837e03c9	dfd3ac0f438b518634aa5cf36a4868e9044de4827ae909d9a09f7b5547739067	a23cb6b4679e25de0fc5aaff31650aba5d19a7d915baa1b7a45abe6bdf29e769	libero/bddl_files/libero_90/LIVING_ROOM_SCENE1_pick_up_the_tomato_sauce_and_put_it_in_the_basket.bddl	cce015229a021baf1124562dd5efbc5bc65195926ecce34254c9da5728690816
LIBERO_90_51	libero_90	51	pick up the alphabet soup and put it in the basket	libero_living_room_tabletop_manipulation	"{""living_room_table"": ""living_room_table""}"	"{""alphabet_soup_1"": ""alphabet_soup"", ""basket_1"": ""basket"", ""butter_1"": ""butter"", ""cream_cheese_1"": ""cream_cheese"", ""ketchup_1"": ""ketchup"", ""milk_1"": ""milk"", ""orange_juice_1"": ""orange_juice"", ""tomato_sauce_1"": ""tomato_sauce""}"	"[[""in"", ""alphabet_soup_1"", ""basket_1_contain_region""]]"	36131a841f9762e8bcc7363bc714a1633a30482be051fc32b608ffbabfe98c31	a2bbc29307bce99ee8e68120173f725353ff7fb66d04ebdc453dea1cd2a490c8	bc8688a4e9845cdccb5ab6de0fe1a266334ce0077708d490badaebb923411879	libero/bddl_files/libero_90/LIVING_ROOM_SCENE2_pick_up_the_alphabet_soup_and_put_it_in_the_basket.bddl	2cebb752ffc9d2f2a06c3b257cbfc652df42905a12f597d7304f93bfdb42f50b
LIBERO_90_52	libero_90	52	pick up the butter and put it in the basket	libero_living_room_tabletop_manipulation	"{""living_room_table"": ""living_room_table""}"	"{""alphabet_soup_1"": ""alphabet_soup"", ""basket_1"": ""basket"", ""butter_1"": ""butter"", ""cream_cheese_1"": ""cream_cheese"", ""ketchup_1"": ""ketchup"", ""milk_1"": ""milk"", ""orange_juice_1"": ""orange_juice"", ""tomato_sauce_1"": ""tomato_sauce""}"	"[[""in"", ""butter_1"", ""basket_1_contain_region""]]"	43323aaba6b2b740849c01d1d9c8e5d9df09be362b27e335d4bcf579499f6f14	a2bbc29307bce99ee8e68120173f725353ff7fb66d04ebdc453dea1cd2a490c8	bc8688a4e9845cdccb5ab6de0fe1a266334ce0077708d490badaebb923411879	libero/bddl_files/libero_90/LIVING_ROOM_SCENE2_pick_up_the_butter_and_put_it_in_the_basket.bddl	8d580df5f2bf9796b22f0bfa1f06b1c9b63643cffcff67e534cca56c5dd330b5
LIBERO_90_53	libero_90	53	pick up the milk and put it in the basket	libero_living_room_tabletop_manipulation	"{""living_room_table"": ""living_room_table""}"	"{""alphabet_soup_1"": ""alphabet_soup"", ""basket_1"": ""basket"", ""butter_1"": ""butter"", ""cream_cheese_1"": ""cream_cheese"", ""ketchup_1"": ""ketchup"", ""milk_1"": ""milk"", ""orange_juice_1"": ""orange_juice"", ""tomato_sauce_1"": ""tomato_sauce""}"	"[[""in"", ""milk_1"", ""basket_1_contain_region""]]"	01a4425decde4c1bbf7b2cbc5f87eb4e30754643e4cb42df76915ab843c10338	a2bbc29307bce99ee8e68120173f725353ff7fb66d04ebdc453dea1cd2a490c8	bc8688a4e9845cdccb5ab6de0fe1a266334ce0077708d490badaebb923411879	libero/bddl_files/libero_90/LIVING_ROOM_SCENE2_pick_up_the_milk_and_put_it_in_the_basket.bddl	db1d192adbf1ccfc2360bd3fbcd6382f6927ffa88011d2f72e186e7c4e52d089
LIBERO_90_54	libero_90	54	pick up the orange juice and put it in the basket	libero_living_room_tabletop_manipulation	"{""living_room_table"": ""living_room_table""}"	"{""alphabet_soup_1"": ""alphabet_soup"", ""basket_1"": ""basket"", ""butter_1"": ""butter"", ""cream_cheese_1"": ""cream_cheese"", ""ketchup_1"": ""ketchup"", ""milk_1"": ""milk"", ""orange_juice_1"": ""orange_juice"", ""tomato_sauce_1"": ""tomato_sauce""}"	"[[""in"", ""orange_juice_1"", ""basket_1_contain_region""]]"	178e4df01de7c301d0b25a085dcaa6b308fe59f70e8e4606f1f7435133a31a8c	a2bbc29307bce99ee8e68120173f725353ff7fb66d04ebdc453dea1cd2a490c8	bc8688a4e9845cdccb5ab6de0fe1a266334ce0077708d490badaebb923411879	libero/bddl_files/libero_90/LIVING_ROOM_SCENE2_pick_up_the_orange_juice_and_put_it_in_the_basket.bddl	a8429485e725b7ba764f1fa17618880c0b0be9257ae931af5a8b3c9dcbbe5497
LIBERO_90_55	libero_90	55	pick up the tomato sauce and put it in the basket	libero_living_room_tabletop_manipulation	"{""living_room_table"": ""living_room_table""}"	"{""alphabet_soup_1"": ""alphabet_soup"", ""basket_1"": ""basket"", ""butter_1"": ""butter"", ""cream_cheese_1"": ""cream_cheese"", ""ketchup_1"": ""ketchup"", ""milk_1"": ""milk"", ""orange_juice_1"": ""orange_juice"", ""tomato_sauce_1"": ""tomato_sauce""}"	"[[""in"", ""tomato_sauce_1"", ""basket_1_contain_region""]]"	18b3b8793b8270f467ed2ddf7aedf2abaec110bbe16454e05e5dbb30f6c94731	a2bbc29307bce99ee8e68120173f725353ff7fb66d04ebdc453dea1cd2a490c8	bc8688a4e9845cdccb5ab6de0fe1a266334ce0077708d490badaebb923411879	libero/bddl_files/libero_90/LIVING_ROOM_SCENE2_pick_up_the_tomato_sauce_and_put_it_in_the_basket.bddl	741bf27d071004a840596227ae19d030f5a8439c6262909957daa7a971ea49e2
LIBERO_90_56	libero_90	56	pick up the alphabet soup and put it in the tray	libero_living_room_tabletop_manipulation	"{""living_room_table"": ""living_room_table""}"	"{""alphabet_soup_1"": ""alphabet_soup"", ""butter_1"": ""butter"", ""cream_cheese_1"": ""cream_cheese"", ""ketchup_1"": ""ketchup"", ""tomato_sauce_1"": ""tomato_sauce"", ""wooden_tray_1"": ""wooden_tray""}"	"[[""in"", ""alphabet_soup_1"", ""wooden_tray_1_contain_region""]]"	a8792330a721bb5c590d18aeaadaac27dada53077da455177af1a8bbc56ef3ac	74fe8cb1065cd3dccd65c544e4744bf54868840d1aecd955098a640d30fd28b2	5dbf9e735920bd9b51fec6f7d30e3844b4b25a311a4516c69904ff8995e965ed	libero/bddl_files/libero_90/LIVING_ROOM_SCENE3_pick_up_the_alphabet_soup_and_put_it_in_the_tray.bddl	3af51e28930dc08a6e728d1f68ce2583251bb326cf8dea2295127b2819a29891
LIBERO_90_57	libero_90	57	pick up the butter and put it in the tray	libero_living_room_tabletop_manipulation	"{""living_room_table"": ""living_room_table""}"	"{""alphabet_soup_1"": ""alphabet_soup"", ""butter_1"": ""butter"", ""cream_cheese_1"": ""cream_cheese"", ""ketchup_1"": ""ketchup"", ""tomato_sauce_1"": ""tomato_sauce"", ""wooden_tray_1"": ""wooden_tray""}"	"[[""in"", ""butter_1"", ""wooden_tray_1_contain_region""]]"	0976d8d843b437d8be4b8cc70b19271b872ff985af2a78b3bb49238d982ed306	74fe8cb1065cd3dccd65c544e4744bf54868840d1aecd955098a640d30fd28b2	5dbf9e735920bd9b51fec6f7d30e3844b4b25a311a4516c69904ff8995e965ed	libero/bddl_files/libero_90/LIVING_ROOM_SCENE3_pick_up_the_butter_and_put_it_in_the_tray.bddl	9ec972d564151ee40d8b5b5fc1bd7acf62a3256d42c8d49e671c1d6caece7827
LIBERO_90_58	libero_90	58	pick up the cream cheese and put it in the tray	libero_living_room_tabletop_manipulation	"{""living_room_table"": ""living_room_table""}"	"{""alphabet_soup_1"": ""alphabet_soup"", ""butter_1"": ""butter"", ""cream_cheese_1"": ""cream_cheese"", ""ketchup_1"": ""ketchup"", ""tomato_sauce_1"": ""tomato_sauce"", ""wooden_tray_1"": ""wooden_tray""}"	"[[""in"", ""cream_cheese_1"", ""wooden_tray_1_contain_region""]]"	9740ef5396888a7ca1863cc8bdd9edccc090fa0d69de1f65a382e1396f1bc945	74fe8cb1065cd3dccd65c544e4744bf54868840d1aecd955098a640d30fd28b2	5dbf9e735920bd9b51fec6f7d30e3844b4b25a311a4516c69904ff8995e965ed	libero/bddl_files/libero_90/LIVING_ROOM_SCENE3_pick_up_the_cream_cheese_and_put_it_in_the_tray.bddl	394de660979995c9dd1131bdbfa5fb25eb824828e60dee25a5b80c3cbfd5155a
LIBERO_90_59	libero_90	59	pick up the ketchup and put it in the tray	libero_living_room_tabletop_manipulation	"{""living_room_table"": ""living_room_table""}"	"{""alphabet_soup_1"": ""alphabet_soup"", ""butter_1"": ""butter"", ""cream_cheese_1"": ""cream_cheese"", ""ketchup_1"": ""ketchup"", ""tomato_sauce_1"": ""tomato_sauce"", ""wooden_tray_1"": ""wooden_tray""}"	"[[""in"", ""ketchup_1"", ""wooden_tray_1_contain_region""]]"	443a3987c3b283f1b9b919f925195be66926233c3dc43d3928ca8b1b3624fe16	74fe8cb1065cd3dccd65c544e4744bf54868840d1aecd955098a640d30fd28b2	5dbf9e735920bd9b51fec6f7d30e3844b4b25a311a4516c69904ff8995e965ed	libero/bddl_files/libero_90/LIVING_ROOM_SCENE3_pick_up_the_ketchup_and_put_it_in_the_tray.bddl	9d765199eb93e1d52a043171a322ca369369566056fab904d6ebfba1d01bc3a5
LIBERO_90_60	libero_90	60	pick up the tomato sauce and put it in the tray	libero_living_room_tabletop_manipulation	"{""living_room_table"": ""living_room_table""}"	"{""alphabet_soup_1"": ""alphabet_soup"", ""butter_1"": ""butter"", ""cream_cheese_1"": ""cream_cheese"", ""ketchup_1"": ""ketchup"", ""tomato_sauce_1"": ""tomato_sauce"", ""wooden_tray_1"": ""wooden_tray""}"	"[[""in"", ""tomato_sauce_1"", ""wooden_tray_1_contain_region""]]"	ae80b23f54df0ddf5868139c759e6aeaccb7e2101155cf3d5776001ba6bd0efa	74fe8cb1065cd3dccd65c544e4744bf54868840d1aecd955098a640d30fd28b2	5dbf9e735920bd9b51fec6f7d30e3844b4b25a311a4516c69904ff8995e965ed	libero/bddl_files/libero_90/LIVING_ROOM_SCENE3_pick_up_the_tomato_sauce_and_put_it_in_the_tray.bddl	7580a3282b33142c441a3a4f906e7f88415a9a734b3ef14e59e22f3a8d7d3315
LIBERO_90_61	libero_90	61	pick up the black bowl on the left and put it in the tray	libero_living_room_tabletop_manipulation	"{""living_room_table"": ""living_room_table""}"	"{""akita_black_bowl_1"": ""akita_black_bowl"", ""akita_black_bowl_2"": ""akita_black_bowl"", ""chocolate_pudding_1"": ""chocolate_pudding"", ""new_salad_dressing_1"": ""new_salad_dressing"", ""wooden_tray_1"": ""wooden_tray""}"	"[[""in"", ""akita_black_bowl_1"", ""wooden_tray_1_contain_region""]]"	71d2e2dafdb1c6bb2b31d89ac1754119e9d3847272cca73e3581a9f3bbf5d3ce	2bbadf08e6f841963422b4432d20615fbce2b6f25a670e568d66c3e85d50efc9	179c28c9ca81acbd85959ef37ef6a048d5d99bc0cada0c98a726ad9d2f2b3408	libero/bddl_files/libero_90/LIVING_ROOM_SCENE4_pick_up_the_black_bowl_on_the_left_and_put_it_in_the_tray.bddl	55a2869f06068a66279aa4434c9d97907301e763b394dd20e49e03f216636396
LIBERO_90_62	libero_90	62	pick up the chocolate pudding and put it in the tray	libero_living_room_tabletop_manipulation	"{""living_room_table"": ""living_room_table""}"	"{""akita_black_bowl_1"": ""akita_black_bowl"", ""akita_black_bowl_2"": ""akita_black_bowl"", ""chocolate_pudding_1"": ""chocolate_pudding"", ""new_salad_dressing_1"": ""new_salad_dressing"", ""wooden_tray_1"": ""wooden_tray""}"	"[[""in"", ""chocolate_pudding_1"", ""wooden_tray_1_contain_region""]]"	9b6e14a1d6d3a810e320fe6446f08f3d1dfe8395ec235e913f25ccd9ed4706fe	2bbadf08e6f841963422b4432d20615fbce2b6f25a670e568d66c3e85d50efc9	179c28c9ca81acbd85959ef37ef6a048d5d99bc0cada0c98a726ad9d2f2b3408	libero/bddl_files/libero_90/LIVING_ROOM_SCENE4_pick_up_the_chocolate_pudding_and_put_it_in_the_tray.bddl	766f93639728bc0be416df897e5ebe7143196ea8eff8b35301cc05a753824a54
LIBERO_90_63	libero_90	63	pick up the salad dressing and put it in the tray	libero_living_room_tabletop_manipulation	"{""living_room_table"": ""living_room_table""}"	"{""akita_black_bowl_1"": ""akita_black_bowl"", ""akita_black_bowl_2"": ""akita_black_bowl"", ""chocolate_pudding_1"": ""chocolate_pudding"", ""new_salad_dressing_1"": ""new_salad_dressing"", ""wooden_tray_1"": ""wooden_tray""}"	"[[""in"", ""new_salad_dressing_1"", ""wooden_tray_1_contain_region""]]"	3f1e89828d6e9ac0068b6789cad2bfbfee94c48f1cb8ee9cef5bd40dfb0b14a7	2bbadf08e6f841963422b4432d20615fbce2b6f25a670e568d66c3e85d50efc9	179c28c9ca81acbd85959ef37ef6a048d5d99bc0cada0c98a726ad9d2f2b3408	libero/bddl_files/libero_90/LIVING_ROOM_SCENE4_pick_up_the_salad_dressing_and_put_it_in_the_tray.bddl	ddd537c6a69f8ad765ac5cfbae8fbadcb3e13cc8746d8cfe6c28659aae7228d5
LIBERO_90_64	libero_90	64	stack the left bowl on the right bowl and place them in the tray	libero_living_room_tabletop_manipulation	"{""living_room_table"": ""living_room_table""}"	"{""akita_black_bowl_1"": ""akita_black_bowl"", ""akita_black_bowl_2"": ""akita_black_bowl"", ""chocolate_pudding_1"": ""chocolate_pudding"", ""new_salad_dressing_1"": ""new_salad_dressing"", ""wooden_tray_1"": ""wooden_tray""}"	"[[""on"", ""akita_black_bowl_1"", ""akita_black_bowl_2""], [""in"", ""akita_black_bowl_2"", ""wooden_tray_1_contain_region""]]"	471e71a0fb215a8dc3587de852c367709b167b29fb2e382e23a077c9a124667e	2bbadf08e6f841963422b4432d20615fbce2b6f25a670e568d66c3e85d50efc9	179c28c9ca81acbd85959ef37ef6a048d5d99bc0cada0c98a726ad9d2f2b3408	libero/bddl_files/libero_90/LIVING_ROOM_SCENE4_stack_the_left_bowl_on_the_right_bowl_and_place_them_in_the_tray.bddl	a92734858c6df932338de4f6d70d0bab628b8ac6588ec22fd3b3d56d01c67d56
LIBERO_90_65	libero_90	65	stack the right bowl on the left bowl and place them in the tray	libero_living_room_tabletop_manipulation	"{""living_room_table"": ""living_room_table""}"	"{""akita_black_bowl_1"": ""akita_black_bowl"", ""akita_black_bowl_2"": ""akita_black_bowl"", ""chocolate_pudding_1"": ""chocolate_pudding"", ""new_salad_dressing_1"": ""new_salad_dressing"", ""wooden_tray_1"": ""wooden_tray""}"	"[[""on"", ""akita_black_bowl_2"", ""akita_black_bowl_1""], [""in"", ""akita_black_bowl_1"", ""wooden_tray_1_contain_region""]]"	dd142636b9fc5721c7d6d27e6d1df657c83267cae753181862fd3342c972e3e0	2bbadf08e6f841963422b4432d20615fbce2b6f25a670e568d66c3e85d50efc9	179c28c9ca81acbd85959ef37ef6a048d5d99bc0cada0c98a726ad9d2f2b3408	libero/bddl_files/libero_90/LIVING_ROOM_SCENE4_stack_the_right_bowl_on_the_left_bowl_and_place_them_in_the_tray.bddl	b410e4cdb62e59d3f87a8e06490c0193f57b51d7f792a976bca62a6f206b9bb5
LIBERO_90_66	libero_90	66	put the red mug on the left plate	libero_living_room_tabletop_manipulation	"{""living_room_table"": ""living_room_table""}"	"{""plate_1"": ""plate"", ""plate_2"": ""plate"", ""porcelain_mug_1"": ""porcelain_mug"", ""red_coffee_mug_1"": ""red_coffee_mug"", ""white_yellow_mug_1"": ""white_yellow_mug""}"	"[[""on"", ""red_coffee_mug_1"", ""plate_1""]]"	09c98abaaaf91e92058b7f541ee930e4faf3c20b2f811508e806a9e792012fd4	2713140ed796bf4a24dfdcd009ea41164892fdd91f06e970b6423fde15b0d6fc	390c171f50a5a4882babdb791fd943a6a2d3da0c4637c9f8c467ad18114f0d21	libero/bddl_files/libero_90/LIVING_ROOM_SCENE5_put_the_red_mug_on_the_left_plate.bddl	31b8c105f80a531465e4651d3d000fab366835d3634bfdf9cb4af0fe54e4e76c
LIBERO_90_67	libero_90	67	put the red mug on the right plate	libero_living_room_tabletop_manipulation	"{""living_room_table"": ""living_room_table""}"	"{""plate_1"": ""plate"", ""plate_2"": ""plate"", ""porcelain_mug_1"": ""porcelain_mug"", ""red_coffee_mug_1"": ""red_coffee_mug"", ""white_yellow_mug_1"": ""white_yellow_mug""}"	"[[""on"", ""red_coffee_mug_1"", ""plate_2""]]"	0cd07ec391b81995dba3758c72bebe4c190485c0337f821ff5b6b3fd1cfb039b	2713140ed796bf4a24dfdcd009ea41164892fdd91f06e970b6423fde15b0d6fc	390c171f50a5a4882babdb791fd943a6a2d3da0c4637c9f8c467ad18114f0d21	libero/bddl_files/libero_90/LIVING_ROOM_SCENE5_put_the_red_mug_on_the_right_plate.bddl	25041096f0d0ec68a44ddd0aab85bbe12ff8a67abd73249460acbb1f2c153329
LIBERO_90_68	libero_90	68	put the white mug on the left plate	libero_living_room_tabletop_manipulation	"{""living_room_table"": ""living_room_table""}"	"{""plate_1"": ""plate"", ""plate_2"": ""plate"", ""porcelain_mug_1"": ""porcelain_mug"", ""red_coffee_mug_1"": ""red_coffee_mug"", ""white_yellow_mug_1"": ""white_yellow_mug""}"	"[[""on"", ""porcelain_mug_1"", ""plate_1""]]"	3d2c2313e7368c2a509be505e6dbeede3bdcb9723409deb6c575c98af32ebef8	2713140ed796bf4a24dfdcd009ea41164892fdd91f06e970b6423fde15b0d6fc	390c171f50a5a4882babdb791fd943a6a2d3da0c4637c9f8c467ad18114f0d21	libero/bddl_files/libero_90/LIVING_ROOM_SCENE5_put_the_white_mug_on_the_left_plate.bddl	4ea39c7b56d60c046e8034d209b8fbd2e734ec4f525a214c031e42ee3683a5a4
LIBERO_90_69	libero_90	69	put the yellow and white mug on the right plate	libero_living_room_tabletop_manipulation	"{""living_room_table"": ""living_room_table""}"	"{""plate_1"": ""plate"", ""plate_2"": ""plate"", ""porcelain_mug_1"": ""porcelain_mug"", ""red_coffee_mug_1"": ""red_coffee_mug"", ""white_yellow_mug_1"": ""white_yellow_mug""}"	"[[""on"", ""white_yellow_mug_1"", ""plate_2""]]"	e1a943866c57309080e252e5c8777b537a0e290abd33b903238e003d83499657	2713140ed796bf4a24dfdcd009ea41164892fdd91f06e970b6423fde15b0d6fc	390c171f50a5a4882babdb791fd943a6a2d3da0c4637c9f8c467ad18114f0d21	libero/bddl_files/libero_90/LIVING_ROOM_SCENE5_put_the_yellow_and_white_mug_on_the_right_plate.bddl	a24811b2fb2350bf02ad2105395a2f62d102949cab39edfe9e6183b06e4e6409
LIBERO_90_70	libero_90	70	put the chocolate pudding to the left of the plate	libero_living_room_tabletop_manipulation	"{""living_room_table"": ""living_room_table""}"	"{""chocolate_pudding_1"": ""chocolate_pudding"", ""plate_1"": ""plate"", ""porcelain_mug_1"": ""porcelain_mug"", ""red_coffee_mug_1"": ""red_coffee_mug""}"	"[[""on"", ""chocolate_pudding_1"", ""living_room_table_plate_left_region""]]"	ccd6e224b9331c64f229402569511207c8a260763c62b56c61eca47c93092b2a	c486eb993dd4e061c09377937f406277708f58103467c98b0eec66186ef2fbff	4bd1eac24262b5698f11b7bd44eaa1bfa5d9a1b6df1a5721e400209071048e81	libero/bddl_files/libero_90/LIVING_ROOM_SCENE6_put_the_chocolate_pudding_to_the_left_of_the_plate.bddl	6dedd8a22eba99fc31669d830fb4251190976d9236030db2142e966ba42668fd
LIBERO_90_71	libero_90	71	put the chocolate pudding to the right of the plate	libero_living_room_tabletop_manipulation	"{""living_room_table"": ""living_room_table""}"	"{""chocolate_pudding_1"": ""chocolate_pudding"", ""plate_1"": ""plate"", ""porcelain_mug_1"": ""porcelain_mug"", ""red_coffee_mug_1"": ""red_coffee_mug""}"	"[[""on"", ""chocolate_pudding_1"", ""living_room_table_plate_right_region""]]"	e3959d05a59f347613bced208e7a989a0b77153f186ceca401a507d5097c5000	c486eb993dd4e061c09377937f406277708f58103467c98b0eec66186ef2fbff	4bd1eac24262b5698f11b7bd44eaa1bfa5d9a1b6df1a5721e400209071048e81	libero/bddl_files/libero_90/LIVING_ROOM_SCENE6_put_the_chocolate_pudding_to_the_right_of_the_plate.bddl	b6dfb0380bcb6291fb45274a04ce1dba222f737d2284b1fb36463f5920420bcb
LIBERO_90_72	libero_90	72	put the red mug on the plate	libero_living_room_tabletop_manipulation	"{""living_room_table"": ""living_room_table""}"	"{""chocolate_pudding_1"": ""chocolate_pudding"", ""plate_1"": ""plate"", ""porcelain_mug_1"": ""porcelain_mug"", ""red_coffee_mug_1"": ""red_coffee_mug""}"	"[[""on"", ""red_coffee_mug_1"", ""plate_1""]]"	68a6ec8a4853bebdbd1ea6029339193022a281890ed58e8204580f19f654cacf	c486eb993dd4e061c09377937f406277708f58103467c98b0eec66186ef2fbff	4bd1eac24262b5698f11b7bd44eaa1bfa5d9a1b6df1a5721e400209071048e81	libero/bddl_files/libero_90/LIVING_ROOM_SCENE6_put_the_red_mug_on_the_plate.bddl	07c3ace6506306dbf58c8f5043c8a4fbe52cc99b3f010cc07c081026a040e658
LIBERO_90_73	libero_90	73	put the white mug on the plate	libero_living_room_tabletop_manipulation	"{""living_room_table"": ""living_room_table""}"	"{""chocolate_pudding_1"": ""chocolate_pudding"", ""plate_1"": ""plate"", ""porcelain_mug_1"": ""porcelain_mug"", ""red_coffee_mug_1"": ""red_coffee_mug""}"	"[[""on"", ""porcelain_mug_1"", ""plate_1""]]"	93295a53386a5c4953f8781c97256daa6a4d989abc568864129c881840fe99d5	c486eb993dd4e061c09377937f406277708f58103467c98b0eec66186ef2fbff	4bd1eac24262b5698f11b7bd44eaa1bfa5d9a1b6df1a5721e400209071048e81	libero/bddl_files/libero_90/LIVING_ROOM_SCENE6_put_the_white_mug_on_the_plate.bddl	7b1f805dc9b6abe3793655026bd4bb14b24f4596c65506f561a3a7057abf3771
LIBERO_90_74	libero_90	74	pick up the book and place it in the front compartment of the caddy	libero_study_tabletop_manipulation	"{""desk_caddy_1"": ""desk_caddy"", ""study_table"": ""study_table""}"	"{""black_book_1"": ""black_book"", ""white_yellow_mug_1"": ""white_yellow_mug""}"	"[[""in"", ""black_book_1"", ""desk_caddy_1_front_contain_region""]]"	4101b9661ab45d51574cd5874278f3c9f39b337728402976d3043f3a773f0282	2c6cc2fe6f3bc8c2902a15ac3a3e3136e2930302fe2d779f040e3fcf3c6f3bbc	d2fabd98804f0e156b5158d8328ff67bceee8258be72abbc53cb29a0077c44dc	libero/bddl_files/libero_90/STUDY_SCENE1_pick_up_the_book_and_place_it_in_the_front_compartment_of_the_caddy.bddl	9fd25c1eb92bd285325d639bdc5920e4ca38b2e39b346e46202dbe6eca7dd37b
LIBERO_90_75	libero_90	75	pick up the book and place it in the left compartment of the caddy	libero_study_tabletop_manipulation	"{""desk_caddy_1"": ""desk_caddy"", ""study_table"": ""study_table""}"	"{""black_book_1"": ""black_book"", ""white_yellow_mug_1"": ""white_yellow_mug""}"	"[[""in"", ""black_book_1"", ""desk_caddy_1_left_contain_region""]]"	37d48b2fbaf79041ec123db877265c40ba600c560fe4eaaf7630325dd85c5eae	2c6cc2fe6f3bc8c2902a15ac3a3e3136e2930302fe2d779f040e3fcf3c6f3bbc	d2fabd98804f0e156b5158d8328ff67bceee8258be72abbc53cb29a0077c44dc	libero/bddl_files/libero_90/STUDY_SCENE1_pick_up_the_book_and_place_it_in_the_left_compartment_of_the_caddy.bddl	7a46821e87185877e6bf9f2128f56842cb2bb58e3822f0b0a9650d4b78250ae4
LIBERO_90_76	libero_90	76	pick up the book and place it in the right compartment of the caddy	libero_study_tabletop_manipulation	"{""desk_caddy_1"": ""desk_caddy"", ""study_table"": ""study_table""}"	"{""black_book_1"": ""black_book"", ""white_yellow_mug_1"": ""white_yellow_mug""}"	"[[""in"", ""black_book_1"", ""desk_caddy_1_right_contain_region""]]"	c7e5c5bd2464fda23d2cd2b36b4625503c08efc83e446c3d0406d615d6ca80fe	2c6cc2fe6f3bc8c2902a15ac3a3e3136e2930302fe2d779f040e3fcf3c6f3bbc	d2fabd98804f0e156b5158d8328ff67bceee8258be72abbc53cb29a0077c44dc	libero/bddl_files/libero_90/STUDY_SCENE1_pick_up_the_book_and_place_it_in_the_right_compartment_of_the_caddy.bddl	4a4ce354be7b6123b80a2d28a21d055cfd775c2841b94e205c32ae83a2902e67
LIBERO_90_77	libero_90	77	pick up the yellow and white mug and place it to the right of the caddy	libero_study_tabletop_manipulation	"{""desk_caddy_1"": ""desk_caddy"", ""study_table"": ""study_table""}"	"{""black_book_1"": ""black_book"", ""white_yellow_mug_1"": ""white_yellow_mug""}"	"[[""on"", ""white_yellow_mug_1"", ""study_table_desk_caddy_right_region""]]"	f50318b11d01bf19399feec0d99e7b7dc5516b9d87cbcd35df87a5f2fe58d8dc	2c6cc2fe6f3bc8c2902a15ac3a3e3136e2930302fe2d779f040e3fcf3c6f3bbc	d2fabd98804f0e156b5158d8328ff67bceee8258be72abbc53cb29a0077c44dc	libero/bddl_files/libero_90/STUDY_SCENE1_pick_up_the_yellow_and_white_mug_and_place_it_to_the_right_of_the_caddy.bddl	46fe1a53f826f4e7e67a02695578aee431e07847fe12b50ef78e300167551fe4
LIBERO_90_78	libero_90	78	pick up the book and place it in the back compartment of the caddy	libero_study_tabletop_manipulation	"{""desk_caddy_1"": ""desk_caddy"", ""study_table"": ""study_table""}"	"{""black_book_1"": ""black_book"", ""red_coffee_mug_1"": ""red_coffee_mug""}"	"[[""in"", ""black_book_1"", ""desk_caddy_1_back_contain_region""]]"	13c4950c3cdbd17b23bb1291cecd842cbdc20b969f5e77efdd7758603c8e9df8	b7d740854fc95266f9afccb5c5827010940f2371bdde7f05bd15507b490e8a73	e8d1e9db2ad1ff9feed76aa73753f79025e8d3fe2edfb1397e85f72db0fbcd34	libero/bddl_files/libero_90/STUDY_SCENE2_pick_up_the_book_and_place_it_in_the_back_compartment_of_the_caddy.bddl	128e625a43bc1b9e2c611befc99c9dbfec29cf06c310609550c88c52b2509a1e
LIBERO_90_79	libero_90	79	pick up the book and place it in the front compartment of the caddy	libero_study_tabletop_manipulation	"{""desk_caddy_1"": ""desk_caddy"", ""study_table"": ""study_table""}"	"{""black_book_1"": ""black_book"", ""red_coffee_mug_1"": ""red_coffee_mug""}"	"[[""in"", ""black_book_1"", ""desk_caddy_1_front_contain_region""]]"	87b3c448f7e6f1b4ea277383c4fd9004a4fb9240c574c82bb92c0df72384e4ae	b7d740854fc95266f9afccb5c5827010940f2371bdde7f05bd15507b490e8a73	e8d1e9db2ad1ff9feed76aa73753f79025e8d3fe2edfb1397e85f72db0fbcd34	libero/bddl_files/libero_90/STUDY_SCENE2_pick_up_the_book_and_place_it_in_the_front_compartment_of_the_caddy.bddl	36918ffce6dc6365de0e9b1c889f7d62f18709c2b3ab1c15cd83e518291d894f
LIBERO_90_80	libero_90	80	pick up the book and place it in the left compartment of the caddy	libero_study_tabletop_manipulation	"{""desk_caddy_1"": ""desk_caddy"", ""study_table"": ""study_table""}"	"{""black_book_1"": ""black_book"", ""red_coffee_mug_1"": ""red_coffee_mug""}"	"[[""in"", ""black_book_1"", ""desk_caddy_1_left_contain_region""]]"	a8fe9281e85de3053121d5b8c03c60c7e8fd3dd9fc50e3b7f74874ca9245fef5	b7d740854fc95266f9afccb5c5827010940f2371bdde7f05bd15507b490e8a73	e8d1e9db2ad1ff9feed76aa73753f79025e8d3fe2edfb1397e85f72db0fbcd34	libero/bddl_files/libero_90/STUDY_SCENE2_pick_up_the_book_and_place_it_in_the_left_compartment_of_the_caddy.bddl	a09ebd472eab1cddf4050711d54789994ce0dbc58a11b03654b6699129093611
LIBERO_90_81	libero_90	81	pick up the book and place it in the right compartment of the caddy	libero_study_tabletop_manipulation	"{""desk_caddy_1"": ""desk_caddy"", ""study_table"": ""study_table""}"	"{""black_book_1"": ""black_book"", ""red_coffee_mug_1"": ""red_coffee_mug""}"	"[[""in"", ""black_book_1"", ""desk_caddy_1_right_contain_region""]]"	115de123727674fe13285fcbd0c898fad0336f19b4ad48ddff22099378f13089	b7d740854fc95266f9afccb5c5827010940f2371bdde7f05bd15507b490e8a73	e8d1e9db2ad1ff9feed76aa73753f79025e8d3fe2edfb1397e85f72db0fbcd34	libero/bddl_files/libero_90/STUDY_SCENE2_pick_up_the_book_and_place_it_in_the_right_compartment_of_the_caddy.bddl	5d3f98f9daa18ea19d7d27372641882eedb7fb28287f25a8ae22d61333efb5b4
LIBERO_90_82	libero_90	82	pick up the book and place it in the front compartment of the caddy	libero_study_tabletop_manipulation	"{""desk_caddy_1"": ""desk_caddy"", ""study_table"": ""study_table""}"	"{""black_book_1"": ""black_book"", ""porcelain_mug_1"": ""porcelain_mug"", ""red_coffee_mug_1"": ""red_coffee_mug""}"	"[[""in"", ""black_book_1"", ""desk_caddy_1_front_contain_region""]]"	4d79f005c7cee39efdae8e12460942c178c72729172472999ca35095f993818e	ab30c3e0d49036f2c9e208b8b07659bbacb9794488b269fb09a86acfa371ef7b	948348c75d8a32252efdb9408552b604291beb241591d65b5be3de313ed93f31	libero/bddl_files/libero_90/STUDY_SCENE3_pick_up_the_book_and_place_it_in_the_front_compartment_of_the_caddy.bddl	61fca3149420ce78e29520e085aae8edead8f4b555c5424a7ae6a9b6cf9a4b9d
LIBERO_90_83	libero_90	83	pick up the book and place it in the left compartment of the caddy	libero_study_tabletop_manipulation	"{""desk_caddy_1"": ""desk_caddy"", ""study_table"": ""study_table""}"	"{""black_book_1"": ""black_book"", ""porcelain_mug_1"": ""porcelain_mug"", ""red_coffee_mug_1"": ""red_coffee_mug""}"	"[[""in"", ""black_book_1"", ""desk_caddy_1_left_contain_region""]]"	e038b65a0b38e1ffdfb48c6c3ad8e0d6424af960a9501f03c94666ed58e6a004	ab30c3e0d49036f2c9e208b8b07659bbacb9794488b269fb09a86acfa371ef7b	948348c75d8a32252efdb9408552b604291beb241591d65b5be3de313ed93f31	libero/bddl_files/libero_90/STUDY_SCENE3_pick_up_the_book_and_place_it_in_the_left_compartment_of_the_caddy.bddl	6634a1c13651a4958442c58879c25e1ece3ffdb9cfba2d7fe233d7d95f9c35ed
LIBERO_90_84	libero_90	84	pick up the book and place it in the right compartment of the caddy	libero_study_tabletop_manipulation	"{""desk_caddy_1"": ""desk_caddy"", ""study_table"": ""study_table""}"	"{""black_book_1"": ""black_book"", ""porcelain_mug_1"": ""porcelain_mug"", ""red_coffee_mug_1"": ""red_coffee_mug""}"	"[[""in"", ""black_book_1"", ""desk_caddy_1_right_contain_region""]]"	f5a7febce069d17d609559e3a80205efc3737a89db5455bfcb3aab99575018e0	ab30c3e0d49036f2c9e208b8b07659bbacb9794488b269fb09a86acfa371ef7b	948348c75d8a32252efdb9408552b604291beb241591d65b5be3de313ed93f31	libero/bddl_files/libero_90/STUDY_SCENE3_pick_up_the_book_and_place_it_in_the_right_compartment_of_the_caddy.bddl	63d362bdf1fbca21132b30fccc7a29846aa81f3811c6b6b258818501595f89ec
LIBERO_90_85	libero_90	85	pick up the red mug and place it to the right compartment of the caddy	libero_study_tabletop_manipulation	"{""desk_caddy_1"": ""desk_caddy"", ""study_table"": ""study_table""}"	"{""black_book_1"": ""black_book"", ""porcelain_mug_1"": ""porcelain_mug"", ""red_coffee_mug_1"": ""red_coffee_mug""}"	"[[""on"", ""red_coffee_mug_1"", ""study_table_desk_caddy_right_region""]]"	a0da84666cf1762e8d96dac320f95d0b7079cf1f18bd50aa38206844942b46c7	ab30c3e0d49036f2c9e208b8b07659bbacb9794488b269fb09a86acfa371ef7b	948348c75d8a32252efdb9408552b604291beb241591d65b5be3de313ed93f31	libero/bddl_files/libero_90/STUDY_SCENE3_pick_up_the_red_mug_and_place_it_to_the_right_of_the_caddy.bddl	67ac86171a2ffc17064e839487189a8d28b0e33b7896ff39d82ce3bfe02ada3e
LIBERO_90_86	libero_90	86	pick up the white mug and place it to the right compartment of the caddy	libero_study_tabletop_manipulation	"{""desk_caddy_1"": ""desk_caddy"", ""study_table"": ""study_table""}"	"{""black_book_1"": ""black_book"", ""porcelain_mug_1"": ""porcelain_mug"", ""red_coffee_mug_1"": ""red_coffee_mug""}"	"[[""on"", ""porcelain_mug_1"", ""study_table_desk_caddy_right_region""]]"	02aa412612269cbf11f8c16bb5135bf7d1e385d29dd8a2d466e3d8bca1dfed19	ab30c3e0d49036f2c9e208b8b07659bbacb9794488b269fb09a86acfa371ef7b	948348c75d8a32252efdb9408552b604291beb241591d65b5be3de313ed93f31	libero/bddl_files/libero_90/STUDY_SCENE3_pick_up_the_white_mug_and_place_it_to_the_right_of_the_caddy.bddl	7723f0144dc82eac22dd095eaeff9ca5e1ec701f5a629a7be4e5176cb5f7bf8d
LIBERO_90_87	libero_90	87	pick up the book in the middle and place it on the cabinet shelf	libero_study_tabletop_manipulation	"{""study_table"": ""study_table"", ""wooden_two_layer_shelf_1"": ""wooden_two_layer_shelf""}"	"{""black_book_1"": ""black_book"", ""yellow_book_1"": ""yellow_book"", ""yellow_book_2"": ""yellow_book""}"	"[[""in"", ""black_book_1"", ""wooden_two_layer_shelf_1_top_region""]]"	cbbc793a5325d57d5bd4a40e65a80fe68c8f560165174d8d7fba6bf04d772b79	0d026481725fd79a9bb2d4864316cc515b499f815dcdff6825bf5694a979de1e	c7061d7ebcd4678a1200e79063a2d41a4eeb181dfd788582ee416fcbfc8aec83	libero/bddl_files/libero_90/STUDY_SCENE4_pick_up_the_book_in_the_middle_and_place_it_on_the_cabinet_shelf.bddl	b17612a9a5fb0314c5aadb297cf8936d8e36ae6d97840e2d7fd8622399321323
LIBERO_90_88	libero_90	88	pick up the book on the left and place it on top of the shelf	libero_study_tabletop_manipulation	"{""study_table"": ""study_table"", ""wooden_two_layer_shelf_1"": ""wooden_two_layer_shelf""}"	"{""black_book_1"": ""black_book"", ""yellow_book_1"": ""yellow_book"", ""yellow_book_2"": ""yellow_book""}"	"[[""on"", ""yellow_book_2"", ""wooden_two_layer_shelf_1_top_side""]]"	95198560904ca297c7bea6feeb4f499782fe2a913aceb84ed00fc48839aff7a8	0d026481725fd79a9bb2d4864316cc515b499f815dcdff6825bf5694a979de1e	c7061d7ebcd4678a1200e79063a2d41a4eeb181dfd788582ee416fcbfc8aec83	libero/bddl_files/libero_90/STUDY_SCENE4_pick_up_the_book_on_the_left_and_place_it_on_top_of_the_shelf.bddl	cc32019a35c3bf065ea454992d3b16e0c2d6d9882e1e762ff41ebe4f5728f2da
LIBERO_90_89	libero_90	89	pick up the book on the right and place it on the cabinet shelf	libero_study_tabletop_manipulation	"{""study_table"": ""study_table"", ""wooden_two_layer_shelf_1"": ""wooden_two_layer_shelf""}"	"{""black_book_1"": ""black_book"", ""yellow_book_1"": ""yellow_book"", ""yellow_book_2"": ""yellow_book""}"	"[[""in"", ""yellow_book_1"", ""wooden_two_layer_shelf_1_top_region""]]"	ebd6cfeeedbfde6c0d12dd6653c0164a4b0c3059eadf5e1eb7ea8cbe1c1b904c	0d026481725fd79a9bb2d4864316cc515b499f815dcdff6825bf5694a979de1e	c7061d7ebcd4678a1200e79063a2d41a4eeb181dfd788582ee416fcbfc8aec83	libero/bddl_files/libero_90/STUDY_SCENE4_pick_up_the_book_on_the_right_and_place_it_on_the_cabinet_shelf.bddl	bae10bd25c00e92750c7bbc68470ba506a94c31cc2d25785262402793875ab04
LIBERO_90_90	libero_90	90	pick up the book on the right and place it under the cabinet shelf	libero_study_tabletop_manipulation	"{""study_table"": ""study_table"", ""wooden_two_layer_shelf_1"": ""wooden_two_layer_shelf""}"	"{""black_book_1"": ""black_book"", ""yellow_book_1"": ""yellow_book"", ""yellow_book_2"": ""yellow_book""}"	"[[""in"", ""yellow_book_1"", ""wooden_two_layer_shelf_1_bottom_region""]]"	69accd3f5de6d016f2e6425378740fe7a73387b83e65a39d918139e58844ed17	0d026481725fd79a9bb2d4864316cc515b499f815dcdff6825bf5694a979de1e	c7061d7ebcd4678a1200e79063a2d41a4eeb181dfd788582ee416fcbfc8aec83	libero/bddl_files/libero_90/STUDY_SCENE4_pick_up_the_book_on_the_right_and_place_it_under_the_cabinet_shelf.bddl	bd51b8a8e9f681d834c9e879de4fbe408ba20d265ff7d1b95968e574d357a59c
