task_id	family	instruction	semantic_count	components	full_successes	full_episodes	full_sr	failure_episode	goal_atoms	atom_first_steps	atom_final	max_simultaneous	combination_first_steps	subtasks_reached	num_subtasks	partial_kind	derived_two_step_instruction	failure_video	comparison_png	stove_turn_knob_frames
COMP_008	C1_goal_three_task_clique	Put the cream cheese on the black bowl, then put the black bowl on the plate, and finally open the middle drawer of the cabinet.	3	Put the cream cheese on the black bowl | Put the black bowl on the plate | Open the middle drawer of the cabinet	0	5	0.0	0	on(cream_cheese_1, akita_black_bowl_1) | on(akita_black_bowl_1, plate_1) | open(wooden_cabinet_1_middle_region)	[111, null, 453]	[true, false, true]	2	"{""000"": 0, ""100"": 111, ""101"": 453}"	5	5	non-prefix pair	Put the cream cheese on the black bowl, and then open the middle drawer of the cabinet.	../assets/composition/failure_videos/COMP_008/COMP_008_ep000_fail.mp4	../assets/composition/comparison_png/COMP_008__put_the_cream_cheese_on_the_black_bowl_then_put_the_black_bowl_on_the_plate_and_finally_open_the_middle_drawer_of_the_cabinet.png	0
COMP_036	C1_goal_three_task_clique	Put the cream cheese on the black bowl, then open the middle drawer of the cabinet, and finally open the top drawer and put the black bowl inside.	3	Put the cream cheese on the black bowl | Open the middle drawer of the cabinet | Open the top drawer and put the black bowl inside	0	5	0.0	0	on(cream_cheese_1, akita_black_bowl_1) | open(wooden_cabinet_1_middle_region) | in(akita_black_bowl_1, wooden_cabinet_1_top_region)	[109, 398, null]	[true, true, false]	2	"{""000"": 0, ""100"": 109, ""110"": 398}"	4	6	ordered instruction prefix	Put the cream cheese on the black bowl, and then open the middle drawer of the cabinet.	../assets/composition/failure_videos/COMP_036/COMP_036_ep000_fail.mp4	../assets/composition/comparison_png/COMP_036__put_the_cream_cheese_on_the_black_bowl_then_open_the_middle_drawer_of_the_cabinet_and_finally_open_the_top_drawer_and_put_the_black_bowl_inside.png	0
COMP_042	C1_goal_three_task_clique	Turn on the stove, then open the middle drawer of the cabinet, and finally open the top drawer and put the black bowl inside.	3	Turn on the stove | Open the middle drawer of the cabinet | Open the top drawer and put the black bowl inside	0	5	0.0	4	turnon(flat_stove_1) | open(wooden_cabinet_1_middle_region) | in(akita_black_bowl_1, wooden_cabinet_1_top_region)	[71, 561, null]	[true, true, false]	2	"{""000"": 0, ""100"": 71, ""110"": 561}"	3	5	ordered instruction prefix	Turn on the stove, and then open the middle drawer of the cabinet.	../assets/composition/failure_videos/COMP_042/COMP_042_ep004_fail.mp4	../assets/composition/comparison_png/COMP_042__turn_on_the_stove_then_open_the_middle_drawer_of_the_cabinet_and_finally_open_the_top_drawer_and_put_the_black_bowl_inside.png	10
COMP_046	C1_goal_three_task_clique	Put the cream cheese on the black bowl, then put the wine bottle on top of the cabinet, and finally open the middle drawer of the cabinet.	3	Put the cream cheese on the black bowl | Put the wine bottle on top of the cabinet | Open the middle drawer of the cabinet	0	5	0.0	1	on(cream_cheese_1, akita_black_bowl_1) | on(wine_bottle_1, wooden_cabinet_1_top_side) | open(wooden_cabinet_1_middle_region)	[112, null, 321]	[true, false, true]	2	"{""000"": 0, ""100"": 112, ""101"": 321}"	5	5	non-prefix pair	Put the cream cheese on the black bowl, and then open the middle drawer of the cabinet.	../assets/composition/failure_videos/COMP_046/COMP_046_ep001_fail.mp4	../assets/composition/comparison_png/COMP_046__put_the_cream_cheese_on_the_black_bowl_then_put_the_wine_bottle_on_top_of_the_cabinet_and_finally_open_the_middle_drawer_of_the_cabinet.png	0
COMP_054	C1_goal_three_task_clique	Put the cream cheese on the black bowl, then open the middle drawer of the cabinet, and finally put the black bowl on the stove.	3	Put the cream cheese on the black bowl | Open the middle drawer of the cabinet | Put the black bowl on the stove	0	5	0.0	1	on(cream_cheese_1, akita_black_bowl_1) | open(wooden_cabinet_1_middle_region) | on(akita_black_bowl_1, flat_stove_1_cook_region)	[104, 744, null]	[true, true, false]	2	"{""000"": 0, ""100"": 104, ""110"": 744}"	5	5	ordered instruction prefix	Put the cream cheese on the black bowl, and then open the middle drawer of the cabinet.	../assets/composition/failure_videos/COMP_054/COMP_054_ep001_fail.mp4	../assets/composition/comparison_png/COMP_054__put_the_cream_cheese_on_the_black_bowl_then_open_the_middle_drawer_of_the_cabinet_and_finally_put_the_black_bowl_on_the_stove.png	0
COMP_055	C1_goal_three_task_clique	Put the cream cheese on the black bowl, then open the middle drawer of the cabinet, and finally put the black bowl on top of the cabinet.	3	Put the cream cheese on the black bowl | Open the middle drawer of the cabinet | Put the black bowl on top of the cabinet	0	5	0.0	0	on(cream_cheese_1, akita_black_bowl_1) | open(wooden_cabinet_1_middle_region) | on(akita_black_bowl_1, wooden_cabinet_1_top_side)	[113, 598, null]	[true, true, false]	2	"{""000"": 0, ""100"": 113, ""110"": 598}"	4	5	ordered instruction prefix	Put the cream cheese on the black bowl, and then open the middle drawer of the cabinet.	../assets/composition/failure_videos/COMP_055/COMP_055_ep000_fail.mp4	../assets/composition/comparison_png/COMP_055__put_the_cream_cheese_on_the_black_bowl_then_open_the_middle_drawer_of_the_cabinet_and_finally_put_the_black_bowl_on_top_of_the_cabinet.png	0
COMP_063	C1_goal_three_task_clique	Push the plate to the front of the stove, then turn on the stove, and finally put the black bowl on top of the cabinet.	3	Push the plate to the front of the stove | Turn on the stove | Put the black bowl on top of the cabinet	0	5	0.0	4	on(plate_1, main_table_stove_front_region) | turnon(flat_stove_1) | on(akita_black_bowl_1, wooden_cabinet_1_top_side)	[142, 516, null]	[true, true, false]	2	"{""000"": 0, ""100"": 142, ""110"": 516}"	5	5	ordered instruction prefix	Push the plate to the front of the stove, and then turn on the stove.	../assets/composition/failure_videos/COMP_063/COMP_063_ep004_fail.mp4	../assets/composition/comparison_png/COMP_063__push_the_plate_to_the_front_of_the_stove_then_turn_on_the_stove_and_finally_put_the_black_bowl_on_top_of_the_cabinet.png	7
COMP_066	C1_goal_three_task_clique	Push the plate to the front of the stove, then open the middle drawer of the cabinet, and finally put the black bowl on top of the cabinet.	3	Push the plate to the front of the stove | Open the middle drawer of the cabinet | Put the black bowl on top of the cabinet	0	5	0.0	4	on(plate_1, main_table_stove_front_region) | open(wooden_cabinet_1_middle_region) | on(akita_black_bowl_1, wooden_cabinet_1_top_side)	[139, null, 387]	[true, false, true]	2	"{""000"": 0, ""100"": 139, ""101"": 387}"	5	5	non-prefix pair	Push the plate to the front of the stove, and then put the black bowl on top of the cabinet.	../assets/composition/failure_videos/COMP_066/COMP_066_ep004_fail.mp4	../assets/composition/comparison_png/COMP_066__push_the_plate_to_the_front_of_the_stove_then_open_the_middle_drawer_of_the_cabinet_and_finally_put_the_black_bowl_on_top_of_the_cabinet.png	0
COMP_067	C1_goal_three_task_clique	Turn on the stove, then open the middle drawer of the cabinet, and finally put the black bowl on the stove.	3	Turn on the stove | Open the middle drawer of the cabinet | Put the black bowl on the stove	0	5	0.0	3	turnon(flat_stove_1) | open(wooden_cabinet_1_middle_region) | on(akita_black_bowl_1, flat_stove_1_cook_region)	[74, 583, null]	[true, true, false]	2	"{""000"": 0, ""100"": 74, ""110"": 583}"	3	4	ordered instruction prefix	Turn on the stove, and then open the middle drawer of the cabinet.	../assets/composition/failure_videos/COMP_067/COMP_067_ep003_fail.mp4	../assets/composition/comparison_png/COMP_067__turn_on_the_stove_then_open_the_middle_drawer_of_the_cabinet_and_finally_put_the_black_bowl_on_the_stove.png	11
COMP_068	C1_goal_three_task_clique	Turn on the stove, then open the middle drawer of the cabinet, and finally put the black bowl on top of the cabinet.	3	Turn on the stove | Open the middle drawer of the cabinet | Put the black bowl on top of the cabinet	0	5	0.0	1	turnon(flat_stove_1) | open(wooden_cabinet_1_middle_region) | on(akita_black_bowl_1, wooden_cabinet_1_top_side)	[101, 359, null]	[true, true, false]	2	"{""000"": 0, ""100"": 101, ""110"": 359}"	3	4	ordered instruction prefix	Turn on the stove, and then open the middle drawer of the cabinet.	../assets/composition/failure_videos/COMP_068/COMP_068_ep001_fail.mp4	../assets/composition/comparison_png/COMP_068__turn_on_the_stove_then_open_the_middle_drawer_of_the_cabinet_and_finally_put_the_black_bowl_on_top_of_the_cabinet.png	14
COMP_195	C4_kitchen3_on_moka_off_temporal	Turn on the stove, then put the moka pot on the stove, and finally turn off the stove.	3	Turn on the stove | Put the moka pot on the stove | Turn off the stove	0	5	0.0	0	on(moka_pot_1, flat_stove_1_cook_region) | turnoff(flat_stove_1)	[219, 54]	[true, false]	1	"{""00"": 0, ""01"": 54, ""10"": 219}"	4	4	ordered temporal prefix	Turn on the stove, and then put the moka pot on the stove.	../assets/composition/failure_videos/COMP_195/COMP_195_ep000_fail.mp4	../assets/composition/comparison_png/COMP_195__turn_on_the_stove_then_put_the_moka_pot_on_the_stove_and_finally_turn_off_the_stove.png	76
COMP_196	C5_kitchen3_on_moka_frypan	Turn on the stove, then put the moka pot on the stove, and finally put the frypan on the stove.	3	Turn on the stove | Put the moka pot on the stove | Put the frypan on the stove	0	5	0.0	0	turnon(flat_stove_1) | on(moka_pot_1, flat_stove_1_cook_region) | on(chefmate_8_frypan_1, flat_stove_1_cook_region)	[80, 219, null]	[true, true, false]	2	"{""000"": 0, ""100"": 80, ""110"": 219}"	4	5	ordered instruction prefix	Turn on the stove, and then put the moka pot on the stove.	../assets/composition/failure_videos/COMP_196/COMP_196_ep000_fail.mp4	../assets/composition/comparison_png/COMP_196__turn_on_the_stove_then_put_the_moka_pot_on_the_stove_and_finally_put_the_frypan_on_the_stove.png	12
COMP_197	C6_kitchen4_bowl_close_wine_cabinet	Put the black bowl in the bottom drawer of the white cabinet, then close the bottom drawer of the white cabinet, and finally put the wine bottle on top of the white cabinet.	3	Put the black bowl in the bottom drawer of the white cabinet | Close the bottom drawer of the white cabinet | Put the wine bottle on top of the white cabinet	0	5	0.0	1	in(akita_black_bowl_1, white_cabinet_1_bottom_region) | close(white_cabinet_1_bottom_region) | on(wine_bottle_1, white_cabinet_1_top_side)	[144, 218, null]	[true, true, false]	2	"{""000"": 0, ""100"": 144, ""110"": 218}"	5	5	ordered instruction prefix	Put the black bowl in the bottom drawer of the white cabinet, and then close the bottom drawer of the white cabinet.	../assets/composition/failure_videos/COMP_197/COMP_197_ep001_fail.mp4	../assets/composition/comparison_png/COMP_197__put_the_black_bowl_in_the_bottom_drawer_of_the_white_cabinet_then_close_the_bottom_drawer_of_the_white_cabinet_and_finally_put_the_wine_bottle_on_top_of_the_white_cabinet.png	0
COMP_198	C7_kitchen6_mug_close_white_top	Put the yellow and white mug in the microwave, then close the microwave, and finally put the white mug on top of the microwave.	3	Put the yellow and white mug in the microwave | Close the microwave | Put the white mug on top of the microwave	0	5	0.0	1	in(white_yellow_mug_1, microwave_1_heating_region) | close(microwave_1) | on(porcelain_mug_1, microwave_1_top_side)	[150, 272, null]	[true, true, false]	2	"{""000"": 0, ""100"": 150, ""110"": 272}"	5	5	ordered instruction prefix	Put the yellow and white mug in the microwave, and then close the microwave.	../assets/composition/failure_videos/COMP_198/COMP_198_ep001_fail.mp4	../assets/composition/comparison_png/COMP_198__put_the_yellow_and_white_mug_in_the_microwave_then_close_the_microwave_and_finally_put_the_white_mug_on_top_of_the_microwave.png	0
COMP_201	C10_libero10_basket_triples	Put the alphabet soup, the cream cheese box, and the ketchup in the basket one after another.	3	Put the alphabet soup in the basket | Put the cream cheese box in the basket | Put the ketchup in the basket	0	5	0.0	4	in(alphabet_soup_1, basket_1_contain_region) | in(cream_cheese_1, basket_1_contain_region) | in(ketchup_1, basket_1_contain_region)	[151, 284, null]	[true, true, false]	2	"{""000"": 0, ""100"": 151, ""110"": 284}"	6	6	ordered instruction prefix	Put the alphabet soup in the basket, and then put the cream cheese box in the basket.	../assets/composition/failure_videos/COMP_201/COMP_201_ep004_fail.mp4	../assets/composition/comparison_png/COMP_201__put_the_alphabet_soup_the_cream_cheese_box_and_the_ketchup_in_the_basket_one_after_another.png	0
COMP_202	C10_libero10_basket_triples	Put the alphabet soup, the cream cheese box, and the tomato sauce in the basket one after another.	3	Put the alphabet soup in the basket | Put the cream cheese box in the basket | Put the tomato sauce in the basket	0	5	0.0	4	in(alphabet_soup_1, basket_1_contain_region) | in(cream_cheese_1, basket_1_contain_region) | in(tomato_sauce_1, basket_1_contain_region)	[151, 290, null]	[true, true, false]	2	"{""000"": 0, ""100"": 151, ""110"": 290}"	6	6	ordered instruction prefix	Put the alphabet soup in the basket, and then put the cream cheese box in the basket.	../assets/composition/failure_videos/COMP_202/COMP_202_ep004_fail.mp4	../assets/composition/comparison_png/COMP_202__put_the_alphabet_soup_the_cream_cheese_box_and_the_tomato_sauce_in_the_basket_one_after_another.png	0
COMP_205	C10_libero10_basket_triples	Put the alphabet soup, the butter, and the cream cheese box in the basket one after another.	3	Put the alphabet soup in the basket | Put the butter in the basket | Put the cream cheese box in the basket	1	5	20.0	0	in(alphabet_soup_1, basket_1_contain_region) | in(butter_1, basket_1_contain_region) | in(cream_cheese_1, basket_1_contain_region)	[158, 303, null]	[true, true, false]	2	"{""000"": 0, ""100"": 158, ""110"": 303}"	6	6	ordered instruction prefix	Put the alphabet soup in the basket, and then put the butter in the basket.	../assets/composition/failure_videos/COMP_205/COMP_205_ep000_fail.mp4	../assets/composition/comparison_png/COMP_205__put_the_alphabet_soup_the_butter_and_the_cream_cheese_box_in_the_basket_one_after_another.png	0
COMP_206	C10_libero10_basket_triples	Put the alphabet soup, the butter, and the ketchup in the basket one after another.	3	Put the alphabet soup in the basket | Put the butter in the basket | Put the ketchup in the basket	0	5	0.0	0	in(alphabet_soup_1, basket_1_contain_region) | in(butter_1, basket_1_contain_region) | in(ketchup_1, basket_1_contain_region)	[159, 297, null]	[true, true, false]	2	"{""000"": 0, ""100"": 159, ""110"": 297}"	6	6	ordered instruction prefix	Put the alphabet soup in the basket, and then put the butter in the basket.	../assets/composition/failure_videos/COMP_206/COMP_206_ep000_fail.mp4	../assets/composition/comparison_png/COMP_206__put_the_alphabet_soup_the_butter_and_the_ketchup_in_the_basket_one_after_another.png	0
COMP_207	C10_libero10_basket_triples	Put the alphabet soup, the butter, and the milk in the basket one after another.	3	Put the alphabet soup in the basket | Put the butter in the basket | Put the milk in the basket	0	5	0.0	2	in(alphabet_soup_1, basket_1_contain_region) | in(butter_1, basket_1_contain_region) | in(milk_1, basket_1_contain_region)	[144, 323, null]	[true, true, false]	2	"{""000"": 0, ""100"": 144, ""110"": 323}"	6	6	ordered instruction prefix	Put the alphabet soup in the basket, and then put the butter in the basket.	../assets/composition/failure_videos/COMP_207/COMP_207_ep002_fail.mp4	../assets/composition/comparison_png/COMP_207__put_the_alphabet_soup_the_butter_and_the_milk_in_the_basket_one_after_another.png	0
COMP_208	C10_libero10_basket_triples	Put the alphabet soup, the butter, and the orange juice in the basket one after another.	3	Put the alphabet soup in the basket | Put the butter in the basket | Put the orange juice in the basket	0	5	0.0	2	in(alphabet_soup_1, basket_1_contain_region) | in(butter_1, basket_1_contain_region) | in(orange_juice_1, basket_1_contain_region)	[148, 442, null]	[true, true, false]	2	"{""000"": 0, ""100"": 148, ""110"": 442}"	6	6	ordered instruction prefix	Put the alphabet soup in the basket, and then put the butter in the basket.	../assets/composition/failure_videos/COMP_208/COMP_208_ep002_fail.mp4	../assets/composition/comparison_png/COMP_208__put_the_alphabet_soup_the_butter_and_the_orange_juice_in_the_basket_one_after_another.png	0
COMP_209	C10_libero10_basket_triples	Put the alphabet soup, the butter, and the tomato sauce in the basket one after another.	3	Put the alphabet soup in the basket | Put the butter in the basket | Put the tomato sauce in the basket	1	5	20.0	0	in(alphabet_soup_1, basket_1_contain_region) | in(butter_1, basket_1_contain_region) | in(tomato_sauce_1, basket_1_contain_region)	[160, 298, null]	[true, true, false]	2	"{""000"": 0, ""100"": 160, ""110"": 298}"	6	6	ordered instruction prefix	Put the alphabet soup in the basket, and then put the butter in the basket.	../assets/composition/failure_videos/COMP_209/COMP_209_ep000_fail.mp4	../assets/composition/comparison_png/COMP_209__put_the_alphabet_soup_the_butter_and_the_tomato_sauce_in_the_basket_one_after_another.png	0
COMP_210	C10_libero10_basket_triples	Put the alphabet soup, the cream cheese box, and the ketchup in the basket one after another.	3	Put the alphabet soup in the basket | Put the cream cheese box in the basket | Put the ketchup in the basket	0	5	0.0	0	in(alphabet_soup_1, basket_1_contain_region) | in(cream_cheese_1, basket_1_contain_region) | in(ketchup_1, basket_1_contain_region)	[153, 380, null]	[true, true, false]	2	"{""000"": 0, ""100"": 153, ""110"": 380}"	6	6	ordered instruction prefix	Put the alphabet soup in the basket, and then put the cream cheese box in the basket.	../assets/composition/failure_videos/COMP_210/COMP_210_ep000_fail.mp4	../assets/composition/comparison_png/COMP_210__put_the_alphabet_soup_the_cream_cheese_box_and_the_ketchup_in_the_basket_one_after_another.png	0
COMP_211	C10_libero10_basket_triples	Put the alphabet soup, the cream cheese box, and the milk in the basket one after another.	3	Put the alphabet soup in the basket | Put the cream cheese box in the basket | Put the milk in the basket	0	5	0.0	0	in(alphabet_soup_1, basket_1_contain_region) | in(cream_cheese_1, basket_1_contain_region) | in(milk_1, basket_1_contain_region)	[158, 386, null]	[true, true, false]	2	"{""000"": 0, ""100"": 158, ""110"": 386}"	6	6	ordered instruction prefix	Put the alphabet soup in the basket, and then put the cream cheese box in the basket.	../assets/composition/failure_videos/COMP_211/COMP_211_ep000_fail.mp4	../assets/composition/comparison_png/COMP_211__put_the_alphabet_soup_the_cream_cheese_box_and_the_milk_in_the_basket_one_after_another.png	0
COMP_212	C10_libero10_basket_triples	Put the alphabet soup, the cream cheese box, and the orange juice in the basket one after another.	3	Put the alphabet soup in the basket | Put the cream cheese box in the basket | Put the orange juice in the basket	0	5	0.0	0	in(alphabet_soup_1, basket_1_contain_region) | in(cream_cheese_1, basket_1_contain_region) | in(orange_juice_1, basket_1_contain_region)	[159, 346, null]	[true, true, false]	2	"{""000"": 0, ""100"": 159, ""110"": 346}"	6	6	ordered instruction prefix	Put the alphabet soup in the basket, and then put the cream cheese box in the basket.	../assets/composition/failure_videos/COMP_212/COMP_212_ep000_fail.mp4	../assets/composition/comparison_png/COMP_212__put_the_alphabet_soup_the_cream_cheese_box_and_the_orange_juice_in_the_basket_one_after_another.png	0
COMP_213	C10_libero10_basket_triples	Put the alphabet soup, the cream cheese box, and the tomato sauce in the basket one after another.	3	Put the alphabet soup in the basket | Put the cream cheese box in the basket | Put the tomato sauce in the basket	1	5	20.0	0	in(alphabet_soup_1, basket_1_contain_region) | in(cream_cheese_1, basket_1_contain_region) | in(tomato_sauce_1, basket_1_contain_region)	[156, 387, 538]	[true, false, true]	2	"{""000"": 0, ""100"": 156, ""101"": 538, ""110"": 387}"	6	6	ordered instruction prefix	Put the alphabet soup in the basket, and then put the cream cheese box in the basket.	../assets/composition/failure_videos/COMP_213/COMP_213_ep000_fail.mp4	../assets/composition/comparison_png/COMP_213__put_the_alphabet_soup_the_cream_cheese_box_and_the_tomato_sauce_in_the_basket_one_after_another.png	0
COMP_216	C10_libero10_basket_triples	Put the alphabet soup, the ketchup, and the tomato sauce in the basket one after another.	3	Put the alphabet soup in the basket | Put the ketchup in the basket | Put the tomato sauce in the basket	0	5	0.0	2	in(alphabet_soup_1, basket_1_contain_region) | in(ketchup_1, basket_1_contain_region) | in(tomato_sauce_1, basket_1_contain_region)	[145, null, 374]	[false, false, false]	2	"{""000"": 0, ""100"": 145, ""101"": 374}"	6	6	non-prefix pair	Put the alphabet soup in the basket, and then put the tomato sauce in the basket.	../assets/composition/failure_videos/COMP_216/COMP_216_ep002_fail.mp4	../assets/composition/comparison_png/COMP_216__put_the_alphabet_soup_the_ketchup_and_the_tomato_sauce_in_the_basket_one_after_another.png	0
COMP_218	C10_libero10_basket_triples	Put the alphabet soup, the milk, and the tomato sauce in the basket one after another.	3	Put the alphabet soup in the basket | Put the milk in the basket | Put the tomato sauce in the basket	0	5	0.0	0	in(alphabet_soup_1, basket_1_contain_region) | in(milk_1, basket_1_contain_region) | in(tomato_sauce_1, basket_1_contain_region)	[160, null, 565]	[true, false, true]	2	"{""000"": 0, ""100"": 160, ""101"": 565}"	6	6	non-prefix pair	Put the alphabet soup in the basket, and then put the tomato sauce in the basket.	../assets/composition/failure_videos/COMP_218/COMP_218_ep000_fail.mp4	../assets/composition/comparison_png/COMP_218__put_the_alphabet_soup_the_milk_and_the_tomato_sauce_in_the_basket_one_after_another.png	0
COMP_219	C10_libero10_basket_triples	Put the alphabet soup, the orange juice, and the tomato sauce in the basket one after another.	3	Put the alphabet soup in the basket | Put the orange juice in the basket | Put the tomato sauce in the basket	0	5	0.0	0	in(alphabet_soup_1, basket_1_contain_region) | in(orange_juice_1, basket_1_contain_region) | in(tomato_sauce_1, basket_1_contain_region)	[153, null, 642]	[true, false, true]	2	"{""000"": 0, ""100"": 153, ""101"": 642}"	6	6	non-prefix pair	Put the alphabet soup in the basket, and then put the tomato sauce in the basket.	../assets/composition/failure_videos/COMP_219/COMP_219_ep000_fail.mp4	../assets/composition/comparison_png/COMP_219__put_the_alphabet_soup_the_orange_juice_and_the_tomato_sauce_in_the_basket_one_after_another.png	0
COMP_220	C10_libero10_basket_triples	Put the butter, the cream cheese box, and the ketchup in the basket one after another.	3	Put the butter in the basket | Put the cream cheese box in the basket | Put the ketchup in the basket	0	5	0.0	1	in(butter_1, basket_1_contain_region) | in(cream_cheese_1, basket_1_contain_region) | in(ketchup_1, basket_1_contain_region)	[111, 528, null]	[true, true, false]	2	"{""000"": 0, ""100"": 111, ""110"": 528}"	6	6	ordered instruction prefix	Put the butter in the basket, and then put the cream cheese box in the basket.	../assets/composition/failure_videos/COMP_220/COMP_220_ep001_fail.mp4	../assets/composition/comparison_png/COMP_220__put_the_butter_the_cream_cheese_box_and_the_ketchup_in_the_basket_one_after_another.png	0
COMP_221	C10_libero10_basket_triples	Put the butter, the cream cheese box, and the milk in the basket one after another.	3	Put the butter in the basket | Put the cream cheese box in the basket | Put the milk in the basket	0	5	0.0	0	in(butter_1, basket_1_contain_region) | in(cream_cheese_1, basket_1_contain_region) | in(milk_1, basket_1_contain_region)	[111, 330, null]	[true, true, false]	2	"{""000"": 0, ""100"": 111, ""110"": 330}"	6	6	ordered instruction prefix	Put the butter in the basket, and then put the cream cheese box in the basket.	../assets/composition/failure_videos/COMP_221/COMP_221_ep000_fail.mp4	../assets/composition/comparison_png/COMP_221__put_the_butter_the_cream_cheese_box_and_the_milk_in_the_basket_one_after_another.png	0
COMP_222	C10_libero10_basket_triples	Put the butter, the cream cheese box, and the orange juice in the basket one after another.	3	Put the butter in the basket | Put the cream cheese box in the basket | Put the orange juice in the basket	0	5	0.0	0	in(butter_1, basket_1_contain_region) | in(cream_cheese_1, basket_1_contain_region) | in(orange_juice_1, basket_1_contain_region)	[111, 315, null]	[true, true, false]	2	"{""000"": 0, ""100"": 111, ""110"": 315}"	6	6	ordered instruction prefix	Put the butter in the basket, and then put the cream cheese box in the basket.	../assets/composition/failure_videos/COMP_222/COMP_222_ep000_fail.mp4	../assets/composition/comparison_png/COMP_222__put_the_butter_the_cream_cheese_box_and_the_orange_juice_in_the_basket_one_after_another.png	0
COMP_226	C10_libero10_basket_triples	Put the butter, the ketchup, and the tomato sauce in the basket one after another.	3	Put the butter in the basket | Put the ketchup in the basket | Put the tomato sauce in the basket	0	5	0.0	3	in(butter_1, basket_1_contain_region) | in(ketchup_1, basket_1_contain_region) | in(tomato_sauce_1, basket_1_contain_region)	[114, null, 497]	[true, false, true]	2	"{""000"": 0, ""100"": 114, ""101"": 497}"	6	6	non-prefix pair	Put the butter in the basket, and then put the tomato sauce in the basket.	../assets/composition/failure_videos/COMP_226/COMP_226_ep003_fail.mp4	../assets/composition/comparison_png/COMP_226__put_the_butter_the_ketchup_and_the_tomato_sauce_in_the_basket_one_after_another.png	0
COMP_227	C10_libero10_basket_triples	Put the butter, the milk, and the orange juice in the basket one after another.	3	Put the butter in the basket | Put the milk in the basket | Put the orange juice in the basket	0	5	0.0	0	in(butter_1, basket_1_contain_region) | in(milk_1, basket_1_contain_region) | in(orange_juice_1, basket_1_contain_region)	[111, 243, null]	[true, true, false]	2	"{""000"": 0, ""100"": 111, ""110"": 243}"	6	6	ordered instruction prefix	Put the butter in the basket, and then put the milk in the basket.	../assets/composition/failure_videos/COMP_227/COMP_227_ep000_fail.mp4	../assets/composition/comparison_png/COMP_227__put_the_butter_the_milk_and_the_orange_juice_in_the_basket_one_after_another.png	0
COMP_228	C10_libero10_basket_triples	Put the butter, the milk, and the tomato sauce in the basket one after another.	3	Put the butter in the basket | Put the milk in the basket | Put the tomato sauce in the basket	0	5	0.0	0	in(butter_1, basket_1_contain_region) | in(milk_1, basket_1_contain_region) | in(tomato_sauce_1, basket_1_contain_region)	[111, 280, null]	[true, true, false]	2	"{""000"": 0, ""100"": 111, ""110"": 280}"	6	6	ordered instruction prefix	Put the butter in the basket, and then put the milk in the basket.	../assets/composition/failure_videos/COMP_228/COMP_228_ep000_fail.mp4	../assets/composition/comparison_png/COMP_228__put_the_butter_the_milk_and_the_tomato_sauce_in_the_basket_one_after_another.png	0
COMP_230	C10_libero10_basket_triples	Put the cream cheese box, the ketchup, and the milk in the basket one after another.	3	Put the cream cheese box in the basket | Put the ketchup in the basket | Put the milk in the basket	0	5	0.0	0	in(cream_cheese_1, basket_1_contain_region) | in(ketchup_1, basket_1_contain_region) | in(milk_1, basket_1_contain_region)	[151, null, 708]	[true, false, true]	2	"{""000"": 0, ""100"": 151, ""101"": 708}"	6	6	non-prefix pair	Put the cream cheese box in the basket, and then put the milk in the basket.	../assets/composition/failure_videos/COMP_230/COMP_230_ep000_fail.mp4	../assets/composition/comparison_png/COMP_230__put_the_cream_cheese_box_the_ketchup_and_the_milk_in_the_basket_one_after_another.png	0
COMP_232	C10_libero10_basket_triples	Put the cream cheese box, the ketchup, and the tomato sauce in the basket one after another.	3	Put the cream cheese box in the basket | Put the ketchup in the basket | Put the tomato sauce in the basket	0	5	0.0	0	in(cream_cheese_1, basket_1_contain_region) | in(ketchup_1, basket_1_contain_region) | in(tomato_sauce_1, basket_1_contain_region)	[156, null, 520]	[true, false, true]	2	"{""000"": 0, ""100"": 156, ""101"": 520}"	6	6	non-prefix pair	Put the cream cheese box in the basket, and then put the tomato sauce in the basket.	../assets/composition/failure_videos/COMP_232/COMP_232_ep000_fail.mp4	../assets/composition/comparison_png/COMP_232__put_the_cream_cheese_box_the_ketchup_and_the_tomato_sauce_in_the_basket_one_after_another.png	0
COMP_235	C10_libero10_basket_triples	Put the cream cheese box, the orange juice, and the tomato sauce in the basket one after another.	3	Put the cream cheese box in the basket | Put the orange juice in the basket | Put the tomato sauce in the basket	0	5	0.0	0	in(cream_cheese_1, basket_1_contain_region) | in(orange_juice_1, basket_1_contain_region) | in(tomato_sauce_1, basket_1_contain_region)	[157, null, 691]	[true, false, true]	2	"{""000"": 0, ""100"": 157, ""101"": 691}"	6	6	non-prefix pair	Put the cream cheese box in the basket, and then put the tomato sauce in the basket.	../assets/composition/failure_videos/COMP_235/COMP_235_ep000_fail.mp4	../assets/composition/comparison_png/COMP_235__put_the_cream_cheese_box_the_orange_juice_and_the_tomato_sauce_in_the_basket_one_after_another.png	0
COMP_263	C11_object_suite_basket_triples	Put the bbq sauce, the chocolate pudding, and the cream cheese box in the basket one after another.	3	Put the bbq sauce in the basket | Put the chocolate pudding in the basket | Put the cream cheese box in the basket	0	5	0.0	1	in(bbq_sauce_1, basket_1_contain_region) | in(chocolate_pudding_1, basket_1_contain_region) | in(cream_cheese_1, basket_1_contain_region)	[140, 548, null]	[true, true, false]	2	"{""000"": 0, ""100"": 140, ""110"": 548}"	5	6	ordered instruction prefix	Put the bbq sauce in the basket, and then put the chocolate pudding in the basket.	../assets/composition/failure_videos/COMP_263/COMP_263_ep001_fail.mp4	../assets/composition/comparison_png/COMP_263__put_the_bbq_sauce_the_chocolate_pudding_and_the_cream_cheese_box_in_the_basket_one_after_another.png	0
COMP_280	C11_object_suite_basket_triples	Put the butter, the tomato sauce, and the orange juice in the basket one after another.	3	Put the butter in the basket | Put the tomato sauce in the basket | Put the orange juice in the basket	0	5	0.0	0	in(butter_1, basket_1_contain_region) | in(tomato_sauce_1, basket_1_contain_region) | in(orange_juice_1, basket_1_contain_region)	[160, 372, null]	[true, true, false]	2	"{""000"": 0, ""100"": 160, ""110"": 372}"	6	6	ordered instruction prefix	Put the butter in the basket, and then put the tomato sauce in the basket.	../assets/composition/failure_videos/COMP_280/COMP_280_ep000_fail.mp4	../assets/composition/comparison_png/COMP_280__put_the_butter_the_tomato_sauce_and_the_orange_juice_in_the_basket_one_after_another.png	0
COMP_281	C11_object_suite_basket_triples	Put the butter, the tomato sauce, and the chocolate pudding in the basket one after another.	3	Put the butter in the basket | Put the tomato sauce in the basket | Put the chocolate pudding in the basket	0	5	0.0	1	in(butter_1, basket_1_contain_region) | in(tomato_sauce_1, basket_1_contain_region) | in(chocolate_pudding_1, basket_1_contain_region)	[161, 388, null]	[true, true, false]	2	"{""000"": 0, ""100"": 161, ""110"": 388}"	6	6	ordered instruction prefix	Put the butter in the basket, and then put the tomato sauce in the basket.	../assets/composition/failure_videos/COMP_281/COMP_281_ep001_fail.mp4	../assets/composition/comparison_png/COMP_281__put_the_butter_the_tomato_sauce_and_the_chocolate_pudding_in_the_basket_one_after_another.png	0
COMP_282	C11_object_suite_basket_triples	Put the butter, the tomato sauce, and the bbq sauce in the basket one after another.	3	Put the butter in the basket | Put the tomato sauce in the basket | Put the bbq sauce in the basket	0	5	0.0	0	in(butter_1, basket_1_contain_region) | in(tomato_sauce_1, basket_1_contain_region) | in(bbq_sauce_1, basket_1_contain_region)	[160, 386, null]	[true, true, false]	2	"{""000"": 0, ""100"": 160, ""110"": 386}"	6	6	ordered instruction prefix	Put the butter in the basket, and then put the tomato sauce in the basket.	../assets/composition/failure_videos/COMP_282/COMP_282_ep000_fail.mp4	../assets/composition/comparison_png/COMP_282__put_the_butter_the_tomato_sauce_and_the_bbq_sauce_in_the_basket_one_after_another.png	0
COMP_283	C11_object_suite_basket_triples	Put the butter, the tomato sauce, and the ketchup in the basket one after another.	3	Put the butter in the basket | Put the tomato sauce in the basket | Put the ketchup in the basket	0	5	0.0	0	in(butter_1, basket_1_contain_region) | in(tomato_sauce_1, basket_1_contain_region) | in(ketchup_1, basket_1_contain_region)	[159, 367, null]	[true, true, false]	2	"{""000"": 0, ""100"": 159, ""110"": 367}"	6	6	ordered instruction prefix	Put the butter in the basket, and then put the tomato sauce in the basket.	../assets/composition/failure_videos/COMP_283/COMP_283_ep000_fail.mp4	../assets/composition/comparison_png/COMP_283__put_the_butter_the_tomato_sauce_and_the_ketchup_in_the_basket_one_after_another.png	0
COMP_321	C11_object_suite_basket_triples	Put the cream cheese box, the alphabet soup, and the tomato sauce in the basket one after another.	3	Put the cream cheese box in the basket | Put the alphabet soup in the basket | Put the tomato sauce in the basket	0	5	0.0	1	in(cream_cheese_1, basket_1_contain_region) | in(alphabet_soup_1, basket_1_contain_region) | in(tomato_sauce_1, basket_1_contain_region)	[143, 726, null]	[true, true, false]	2	"{""000"": 0, ""100"": 143, ""110"": 726}"	5	6	ordered instruction prefix	Put the cream cheese box in the basket, and then put the alphabet soup in the basket.	../assets/composition/failure_videos/COMP_321/COMP_321_ep001_fail.mp4	../assets/composition/comparison_png/COMP_321__put_the_cream_cheese_box_the_alphabet_soup_and_the_tomato_sauce_in_the_basket_one_after_another.png	0
COMP_323	C11_object_suite_basket_triples	Put the cream cheese box, the alphabet soup, and the orange juice in the basket one after another.	3	Put the cream cheese box in the basket | Put the alphabet soup in the basket | Put the orange juice in the basket	0	5	0.0	1	in(cream_cheese_1, basket_1_contain_region) | in(alphabet_soup_1, basket_1_contain_region) | in(orange_juice_1, basket_1_contain_region)	[142, 640, null]	[true, true, false]	2	"{""000"": 0, ""100"": 142, ""110"": 640}"	6	6	ordered instruction prefix	Put the cream cheese box in the basket, and then put the alphabet soup in the basket.	../assets/composition/failure_videos/COMP_323/COMP_323_ep001_fail.mp4	../assets/composition/comparison_png/COMP_323__put_the_cream_cheese_box_the_alphabet_soup_and_the_orange_juice_in_the_basket_one_after_another.png	0
COMP_340	C11_object_suite_basket_triples	Put the ketchup, the bbq sauce, and the salad dressing in the basket one after another.	3	Put the ketchup in the basket | Put the bbq sauce in the basket | Put the salad dressing in the basket	0	5	0.0	1	in(ketchup_1, basket_1_contain_region) | in(bbq_sauce_1, basket_1_contain_region) | in(salad_dressing_1, basket_1_contain_region)	[152, 370, null]	[true, true, false]	2	"{""000"": 0, ""100"": 152, ""110"": 370}"	6	6	ordered instruction prefix	Put the ketchup in the basket, and then put the bbq sauce in the basket.	../assets/composition/failure_videos/COMP_340/COMP_340_ep001_fail.mp4	../assets/composition/comparison_png/COMP_340__put_the_ketchup_the_bbq_sauce_and_the_salad_dressing_in_the_basket_one_after_another.png	0
COMP_341	C11_object_suite_basket_triples	Put the ketchup, the bbq sauce, and the alphabet soup in the basket one after another.	3	Put the ketchup in the basket | Put the bbq sauce in the basket | Put the alphabet soup in the basket	0	5	0.0	2	in(ketchup_1, basket_1_contain_region) | in(bbq_sauce_1, basket_1_contain_region) | in(alphabet_soup_1, basket_1_contain_region)	[151, 329, null]	[true, true, false]	2	"{""000"": 0, ""100"": 151, ""110"": 329}"	6	6	ordered instruction prefix	Put the ketchup in the basket, and then put the bbq sauce in the basket.	../assets/composition/failure_videos/COMP_341/COMP_341_ep002_fail.mp4	../assets/composition/comparison_png/COMP_341__put_the_ketchup_the_bbq_sauce_and_the_alphabet_soup_in_the_basket_one_after_another.png	0
COMP_342	C11_object_suite_basket_triples	Put the ketchup, the bbq sauce, and the cream cheese box in the basket one after another.	3	Put the ketchup in the basket | Put the bbq sauce in the basket | Put the cream cheese box in the basket	0	5	0.0	0	in(ketchup_1, basket_1_contain_region) | in(bbq_sauce_1, basket_1_contain_region) | in(cream_cheese_1, basket_1_contain_region)	[160, 586, null]	[true, true, false]	2	"{""000"": 0, ""100"": 160, ""110"": 586}"	5	6	ordered instruction prefix	Put the ketchup in the basket, and then put the bbq sauce in the basket.	../assets/composition/failure_videos/COMP_342/COMP_342_ep000_fail.mp4	../assets/composition/comparison_png/COMP_342__put_the_ketchup_the_bbq_sauce_and_the_cream_cheese_box_in_the_basket_one_after_another.png	0
COMP_390	C11_object_suite_basket_triples	Put the butter, the chocolate pudding, and the bbq sauce in the basket one after another.	3	Put the butter in the basket | Put the chocolate pudding in the basket | Put the bbq sauce in the basket	0	5	0.0	1	in(butter_1, basket_1_contain_region) | in(chocolate_pudding_1, basket_1_contain_region) | in(bbq_sauce_1, basket_1_contain_region)	[207, 515, null]	[true, true, false]	2	"{""000"": 0, ""100"": 207, ""110"": 515}"	6	6	ordered instruction prefix	Put the butter in the basket, and then put the chocolate pudding in the basket.	../assets/composition/failure_videos/COMP_390/COMP_390_ep001_fail.mp4	../assets/composition/comparison_png/COMP_390__put_the_butter_the_chocolate_pudding_and_the_bbq_sauce_in_the_basket_one_after_another.png	0
COMP_391	C11_object_suite_basket_triples	Put the butter, the chocolate pudding, and the ketchup in the basket one after another.	3	Put the butter in the basket | Put the chocolate pudding in the basket | Put the ketchup in the basket	0	5	0.0	1	in(butter_1, basket_1_contain_region) | in(chocolate_pudding_1, basket_1_contain_region) | in(ketchup_1, basket_1_contain_region)	[207, 573, null]	[true, true, false]	2	"{""000"": 0, ""100"": 207, ""110"": 573}"	5	6	ordered instruction prefix	Put the butter in the basket, and then put the chocolate pudding in the basket.	../assets/composition/failure_videos/COMP_391/COMP_391_ep001_fail.mp4	../assets/composition/comparison_png/COMP_391__put_the_butter_the_chocolate_pudding_and_the_ketchup_in_the_basket_one_after_another.png	0
