task_id	family	instruction	source_suite	source_task	original_instruction	goal_atom	evidence_notes	evaluation_origin	successes	episodes	success_rate_percent	success_videos
OGTS_001	A0_object_position_swap_from_LIBERO-EX	Pick the alphabet soup and place it in the basket	libero_object	pick_up_the_alphabet_soup_and_place_it_in_the_basket	Pick the alphabet soup and place it in the basket	in(alphabet_soup_1, basket_1_contain_region)	Keep target identity, instruction, object set, and basket fixed; swap alphabet_soup_1 with salad_dressing_1 so the target starts at another grasp position seen in original LIBERO-Object.	LiberoFinalObj/PositionSwap	4	5	80.0	4
OGTS_002	A0_object_position_swap_from_LIBERO-EX	Pick the cream cheese and place it in the basket	libero_object	pick_up_the_cream_cheese_and_place_it_in_the_basket	Pick the cream cheese and place it in the basket	in(cream_cheese_1, basket_1_contain_region)	Keep target identity, instruction, object set, and basket fixed; swap cream_cheese_1 with alphabet_soup_1 so the target starts at another grasp position seen in original LIBERO-Object.	LiberoFinalObj/PositionSwap	1	5	20.0	1
OGTS_003	A0_object_position_swap_from_LIBERO-EX	Pick the salad dressing and place it in the basket	libero_object	pick_up_the_salad_dressing_and_place_it_in_the_basket	Pick the salad dressing and place it in the basket	in(salad_dressing_1, basket_1_contain_region)	Keep target identity, instruction, object set, and basket fixed; swap salad_dressing_1 with ketchup_1 so the target starts at another grasp position seen in original LIBERO-Object.	LiberoFinalObj/PositionSwap	0	5	0.0	0
OGTS_004	A0_object_position_swap_from_LIBERO-EX	Pick the bbq sauce and place it in the basket	libero_object	pick_up_the_bbq_sauce_and_place_it_in_the_basket	Pick the bbq sauce and place it in the basket	in(bbq_sauce_1, basket_1_contain_region)	Keep target identity, instruction, object set, and basket fixed; swap bbq_sauce_1 with chocolate_pudding_1 so the target starts at another grasp position seen in original LIBERO-Object.	LiberoFinalObj/PositionSwap	3	5	60.0	3
OGTS_005	A0_object_position_swap_from_LIBERO-EX	Pick the ketchup and place it in the basket	libero_object	pick_up_the_ketchup_and_place_it_in_the_basket	Pick the ketchup and place it in the basket	in(ketchup_1, basket_1_contain_region)	Keep target identity, instruction, object set, and basket fixed; swap ketchup_1 with bbq_sauce_1 so the target starts at another grasp position seen in original LIBERO-Object.	LiberoFinalObj/PositionSwap	0	5	0.0	0
OGTS_006	A0_object_position_swap_from_LIBERO-EX	Pick the tomato sauce and place it in the basket	libero_object	pick_up_the_tomato_sauce_and_place_it_in_the_basket	Pick the tomato sauce and place it in the basket	in(tomato_sauce_1, basket_1_contain_region)	Keep target identity, instruction, object set, and basket fixed; swap tomato_sauce_1 with milk_1 so the target starts at another grasp position seen in original LIBERO-Object.	LiberoFinalObj/PositionSwap	4	5	80.0	4
OGTS_007	A0_object_position_swap_from_LIBERO-EX	Pick the butter and place it in the basket	libero_object	pick_up_the_butter_and_place_it_in_the_basket	Pick the butter and place it in the basket	in(butter_1, basket_1_contain_region)	Keep target identity, instruction, object set, and basket fixed; swap butter_1 with tomato_sauce_1 so the target starts at another grasp position seen in original LIBERO-Object.	LiberoFinalObj/PositionSwap	0	5	0.0	0
OGTS_008	A0_object_position_swap_from_LIBERO-EX	Pick the milk and place it in the basket	libero_object	pick_up_the_milk_and_place_it_in_the_basket	Pick the milk and place it in the basket	in(milk_1, basket_1_contain_region)	Keep target identity, instruction, object set, and basket fixed; swap milk_1 with cream_cheese_1 so the target starts at another grasp position seen in original LIBERO-Object.	LiberoFinalObj/PositionSwap	0	5	0.0	0
OGTS_009	A0_object_position_swap_from_LIBERO-EX	Pick the chocolate pudding and place it in the basket	libero_object	pick_up_the_chocolate_pudding_and_place_it_in_the_basket	Pick the chocolate pudding and place it in the basket	in(chocolate_pudding_1, basket_1_contain_region)	Keep target identity, instruction, object set, and basket fixed; swap chocolate_pudding_1 with orange_juice_1 so the target starts at another grasp position seen in original LIBERO-Object.	LiberoFinalObj/PositionSwap	2	5	40.0	2
OGTS_010	A0_object_position_swap_from_LIBERO-EX	Pick the orange juice and place it in the basket	libero_object	pick_up_the_orange_juice_and_place_it_in_the_basket	Pick the orange juice and place it in the basket	in(orange_juice_1, basket_1_contain_region)	Keep target identity, instruction, object set, and basket fixed; swap orange_juice_1 with butter_1 so the target starts at another grasp position seen in original LIBERO-Object.	LiberoFinalObj/PositionSwap	4	5	80.0	4
ANLGX_001	E1_clean_exact_instance_three_targets	Put the white mug on the left plate.	libero_10	LIVING_ROOM_SCENE5_put_the_white_mug_on_the_left_plate_and_put_the_yellow_and_white_mug_on_the_right_plate	put the white mug on the left plate and put the yellow and white mug on the right plate	on(porcelain_mug_1, plate_1)	Nonblocking source-scene mugs remain; repeated plates remain because exact-instance selection is the analogy variable.		5	5	100.0	5
ANLGX_002	E1_clean_exact_instance_three_targets	Put the white mug on the middle plate.	libero_10	LIVING_ROOM_SCENE5_put_the_white_mug_on_the_left_plate_and_put_the_yellow_and_white_mug_on_the_right_plate	put the white mug on the left plate and put the yellow and white mug on the right plate	on(porcelain_mug_1, plate_3)	Nonblocking source-scene mugs remain; repeated plates remain because exact-instance selection is the analogy variable.		4	5	80.0	4
ANLGX_003	E1_clean_exact_instance_three_targets	Put the white mug on the right plate.	libero_10	LIVING_ROOM_SCENE5_put_the_white_mug_on_the_left_plate_and_put_the_yellow_and_white_mug_on_the_right_plate	put the white mug on the left plate and put the yellow and white mug on the right plate	on(porcelain_mug_1, plate_2)	Nonblocking source-scene mugs remain; repeated plates remain because exact-instance selection is the analogy variable. | The yellow-and-white mug is removed because it lies in the white-mug-to-right-plate corridor (the ANLG_012 collision).		3	5	60.0	3
ANLGX_004	E1_clean_exact_instance_three_targets	Put the yellow and white mug on the left plate.	libero_10	LIVING_ROOM_SCENE5_put_the_white_mug_on_the_left_plate_and_put_the_yellow_and_white_mug_on_the_right_plate	put the white mug on the left plate and put the yellow and white mug on the right plate	on(white_yellow_mug_1, plate_1)	Nonblocking source-scene mugs remain; repeated plates remain because exact-instance selection is the analogy variable. | The white mug is removed because it lies in the yellow-and-white-mug-to-left-plate corridor.		0	5	0.0	0
ANLGX_005	E1_clean_exact_instance_three_targets	Put the yellow and white mug on the middle plate.	libero_10	LIVING_ROOM_SCENE5_put_the_white_mug_on_the_left_plate_and_put_the_yellow_and_white_mug_on_the_right_plate	put the white mug on the left plate and put the yellow and white mug on the right plate	on(white_yellow_mug_1, plate_3)	Nonblocking source-scene mugs remain; repeated plates remain because exact-instance selection is the analogy variable.		0	5	0.0	0
ANLGX_006	E1_clean_exact_instance_three_targets	Put the yellow and white mug on the right plate.	libero_10	LIVING_ROOM_SCENE5_put_the_white_mug_on_the_left_plate_and_put_the_yellow_and_white_mug_on_the_right_plate	put the white mug on the left plate and put the yellow and white mug on the right plate	on(white_yellow_mug_1, plate_2)	Nonblocking source-scene mugs remain; repeated plates remain because exact-instance selection is the analogy variable.		4	5	80.0	4
ANLGX_007	E1_clean_exact_instance_three_targets	Put the black bowl on the left plate.	libero_goal	put_the_bowl_on_the_plate	Put the bowl on the plate	on(akita_black_bowl_1, plate_1)	The wooden cabinet is removed because the added left plate overlaps its source pose.		0	5	0.0	0
ANLGX_008	E1_clean_exact_instance_three_targets	Put the black bowl on the middle plate.	libero_goal	put_the_bowl_on_the_plate	Put the bowl on the plate	on(akita_black_bowl_1, plate_3)	The wooden cabinet is removed because the added left plate overlaps its source pose.		5	5	100.0	5
ANLGX_009	E1_clean_exact_instance_three_targets	Put the black bowl on the right plate.	libero_goal	put_the_bowl_on_the_plate	Put the bowl on the plate	on(akita_black_bowl_1, plate_2)	The wooden cabinet is removed because the added left plate overlaps its source pose.		0	5	0.0	0
ANLGX_010	E1_clean_exact_instance_three_targets	Put the cream cheese on the left black bowl.	libero_goal	put_the_cream_cheese_in_the_bowl	Put the cream cheese on the bowl	on(cream_cheese_1, akita_black_bowl_1)	The source plate and cabinet are removed because they overlap the added middle/left bowl targets.		0	5	0.0	0
ANLGX_011	E1_clean_exact_instance_three_targets	Put the cream cheese on the middle black bowl.	libero_goal	put_the_cream_cheese_in_the_bowl	Put the cream cheese on the bowl	on(cream_cheese_1, akita_black_bowl_2)	The source plate and cabinet are removed because they overlap the added middle/left bowl targets.		0	5	0.0	0
ANLGX_012	E1_clean_exact_instance_three_targets	Put the cream cheese on the right black bowl.	libero_goal	put_the_cream_cheese_in_the_bowl	Put the cream cheese on the bowl	on(cream_cheese_1, akita_black_bowl_3)	The source plate and cabinet are removed because they overlap the added middle/left bowl targets.		0	5	0.0	0
ANLGX_013	E2_sibling_part_or_compartment	Put the book in the front compartment of the caddy.	libero_10	STUDY_SCENE1_pick_up_the_book_and_place_it_in_the_back_compartment_of_the_caddy	pick up the book and place it in the back compartment of the caddy	in(black_book_1, desk_caddy_1_front_contain_region)	The whole caddy is the visible destination mask because its local compartments are sites of one fixture body.		0	5	0.0	0
ANLGX_014	E2_sibling_part_or_compartment	Put the book in the left compartment of the caddy.	libero_10	STUDY_SCENE1_pick_up_the_book_and_place_it_in_the_back_compartment_of_the_caddy	pick up the book and place it in the back compartment of the caddy	in(black_book_1, desk_caddy_1_left_contain_region)	The whole caddy is the visible destination mask because its local compartments are sites of one fixture body.		0	5	0.0	0
ANLGX_015	E2_sibling_part_or_compartment	Put the book in the right compartment of the caddy.	libero_10	STUDY_SCENE1_pick_up_the_book_and_place_it_in_the_back_compartment_of_the_caddy	pick up the book and place it in the back compartment of the caddy	in(black_book_1, desk_caddy_1_right_contain_region)	The whole caddy is the visible destination mask because its local compartments are sites of one fixture body.		0	5	0.0	0
ANLGX_016	E2_sibling_part_or_compartment	Put the black bowl in the top drawer of the white cabinet.	libero_10	KITCHEN_SCENE4_put_the_black_bowl_in_the_bottom_drawer_of_the_cabinet_and_close_it	put the black bowl in the bottom drawer of the cabinet and close it	in(akita_black_bowl_1, white_cabinet_1_top_region)			0	5	0.0	0
ANLGX_017	E2_sibling_part_or_compartment	Put the black bowl in the middle drawer of the white cabinet.	libero_10	KITCHEN_SCENE4_put_the_black_bowl_in_the_bottom_drawer_of_the_cabinet_and_close_it	put the black bowl in the bottom drawer of the cabinet and close it	in(akita_black_bowl_1, white_cabinet_1_middle_region)			5	5	100.0	5
ANLGX_018	E2_sibling_part_or_compartment	Put the black bowl in the middle drawer of the wooden cabinet.	libero_goal	open_the_top_drawer_and_put_the_bowl_inside	Open the top layer of the drawer and put the bowl inside	in(akita_black_bowl_1, wooden_cabinet_1_middle_region)			0	5	0.0	0
ANLGX_019	E2_sibling_part_or_compartment	Put the black bowl in the bottom drawer of the wooden cabinet.	libero_goal	open_the_top_drawer_and_put_the_bowl_inside	Open the top layer of the drawer and put the bowl inside	in(akita_black_bowl_1, wooden_cabinet_1_bottom_region)			2	5	40.0	2
ANLGX_020	E2_sibling_part_or_compartment	Open the top drawer of the wooden cabinet.	libero_goal	open_the_middle_drawer_of_the_cabinet	Open the middle layer of the drawer	open(wooden_cabinet_1_top_region)			3	5	60.0	3
ANLGX_021	E2_sibling_part_or_compartment	Open the bottom drawer of the wooden cabinet.	libero_goal	open_the_middle_drawer_of_the_cabinet	Open the middle layer of the drawer	open(wooden_cabinet_1_bottom_region)			0	5	0.0	0
ANLGX_022	E2_sibling_part_or_compartment	Close the top drawer of the white cabinet.	libero_10	KITCHEN_SCENE4_put_the_black_bowl_in_the_bottom_drawer_of_the_cabinet_and_close_it	put the black bowl in the bottom drawer of the cabinet and close it	close(white_cabinet_1_top_region)			4	5	80.0	4
ANLGX_023	E2_sibling_part_or_compartment	Close the middle drawer of the white cabinet.	libero_10	KITCHEN_SCENE4_put_the_black_bowl_in_the_bottom_drawer_of_the_cabinet_and_close_it	put the black bowl in the bottom drawer of the cabinet and close it	close(white_cabinet_1_middle_region)			4	5	80.0	4
ANLGX_024	E2_sibling_part_or_compartment	Pick up the black bowl in the middle drawer of the wooden cabinet and place it on the plate.	libero_spatial	pick_up_the_black_bowl_in_the_top_drawer_of_the_wooden_cabinet_and_place_it_on_the_plate	Pick the akita black bowl in the top layer of the wooden cabinet and place it on the plate	on(akita_black_bowl_1, plate_1)	Init gate: after settling, the bowl must still satisfy In(bowl, instructed drawer); drawer-contained rotation is allowed.		0	5	0.0	0
ANLGX_025	E2_sibling_part_or_compartment	Pick up the black bowl in the bottom drawer of the wooden cabinet and place it on the plate.	libero_spatial	pick_up_the_black_bowl_in_the_top_drawer_of_the_wooden_cabinet_and_place_it_on_the_plate	Pick the akita black bowl in the top layer of the wooden cabinet and place it on the plate	on(akita_black_bowl_1, plate_1)	Init gate: after settling, the bowl must still satisfy In(bowl, instructed drawer); drawer-contained rotation is allowed.		1	5	20.0	1
ANLGX_026	E3_reference_fixture_pose_transfer	Turn on the stove at the spatial donor position.	libero_goal	turn_on_the_stove	Turn on the stove	turnon(flat_stove_1)	The source wine rack is removed because the relocated stove overlaps its footprint.		0	5	0.0	0
ANLGX_027	E3_reference_fixture_pose_transfer	Turn on the stove at the LIBERO-10 Scene 3 donor position.	libero_goal	turn_on_the_stove	Turn on the stove	turnon(flat_stove_1)			0	5	0.0	0
ANLGX_028	E3_reference_fixture_pose_transfer	Turn on the stove at the LIBERO-10 Scene 8 donor position.	libero_goal	turn_on_the_stove	Turn on the stove	turnon(flat_stove_1)	The source wine rack is removed because the relocated stove overlaps its footprint. | The source cabinet is removed because it blocks the relocated stove or its translated front corridor.		0	5	0.0	0
ANLGX_029	E3_reference_fixture_pose_transfer	Push the plate to the front of the stove at the spatial donor position.	libero_goal	push_the_plate_to_the_front_of_the_stove	Push the plate to the front of the stove	on(plate_1, main_table_stove_front_region)	The placement mask is projected from the current BDDL front region, never copied from the source absolute coordinates. | The source wine rack is removed because the relocated stove overlaps its footprint. | The source cabinet is removed because it blocks the relocated stove or its translated front corridor.		0	5	0.0	0
ANLGX_030	E3_reference_fixture_pose_transfer	Push the plate to the front of the stove at the LIBERO-10 Scene 3 donor position.	libero_goal	push_the_plate_to_the_front_of_the_stove	Push the plate to the front of the stove	on(plate_1, main_table_stove_front_region)	The placement mask is projected from the current BDDL front region, never copied from the source absolute coordinates.		0	5	0.0	0
ANLGX_031	E3_reference_fixture_pose_transfer	Push the plate to the front of the stove at the LIBERO-10 Scene 8 donor position.	libero_goal	push_the_plate_to_the_front_of_the_stove	Push the plate to the front of the stove	on(plate_1, main_table_stove_front_region)	The placement mask is projected from the current BDDL front region, never copied from the source absolute coordinates. | The source wine rack is removed because the relocated stove overlaps its footprint. | The source cabinet is removed because it blocks the relocated stove or its translated front corridor.		0	5	0.0	0
ANLGX_032	E3_reference_fixture_pose_transfer	Put the black bowl on the stove at the spatial donor position.	libero_goal	put_the_bowl_on_the_stove	Put the bowl on the stove	on(akita_black_bowl_1, flat_stove_1_cook_region)	The source wine rack is removed because the relocated stove overlaps its footprint.		0	5	0.0	0
ANLGX_033	E3_reference_fixture_pose_transfer	Put the black bowl on the stove at the LIBERO-10 Scene 3 donor position.	libero_goal	put_the_bowl_on_the_stove	Put the bowl on the stove	on(akita_black_bowl_1, flat_stove_1_cook_region)			2	5	40.0	2
ANLGX_034	E3_reference_fixture_pose_transfer	Put the black bowl on the stove at the LIBERO-10 Scene 8 donor position.	libero_goal	put_the_bowl_on_the_stove	Put the bowl on the stove	on(akita_black_bowl_1, flat_stove_1_cook_region)	The source wine rack is removed because the relocated stove overlaps its footprint. | The source cabinet is removed because it blocks the relocated stove or its translated front corridor.		0	5	0.0	0
ANLGX_035	E3_reference_fixture_pose_transfer	Pick up the black bowl on the stove at the Goal donor position and place it on the plate.	libero_spatial	pick_up_the_black_bowl_on_the_stove_and_place_it_on_the_plate	Pick the akita black bowl on the stove and place it on the plate	on(akita_black_bowl_1, plate_1)			0	5	0.0	0
ANLGX_036	E3_reference_fixture_pose_transfer	Pick up the black bowl on the stove at the LIBERO-10 Scene 3 donor position and place it on the plate.	libero_spatial	pick_up_the_black_bowl_on_the_stove_and_place_it_on_the_plate	Pick the akita black bowl on the stove and place it on the plate	on(akita_black_bowl_1, plate_1)			5	5	100.0	5
ANLGX_037	E3_reference_fixture_pose_transfer	Put the moka pot on the stove at the Goal donor position.	libero_10	KITCHEN_SCENE3_turn_on_the_stove_and_put_the_moka_pot_on_it	turn on the stove and put the moka pot on it	on(moka_pot_1, flat_stove_1_cook_region)			0	5	0.0	0
ANLGX_038	E3_reference_fixture_pose_transfer	Put the moka pot on the stove at the Spatial donor position.	libero_10	KITCHEN_SCENE3_turn_on_the_stove_and_put_the_moka_pot_on_it	turn on the stove and put the moka pot on it	on(moka_pot_1, flat_stove_1_cook_region)			0	5	0.0	0
ANLGX_039	E3_reference_fixture_pose_transfer	Open the middle drawer of the wooden cabinet at the white-cabinet donor position.	libero_goal	open_the_middle_drawer_of_the_cabinet	Open the middle layer of the drawer	open(wooden_cabinet_1_middle_region)			0	5	0.0	0
ANLGX_040	E3_reference_fixture_pose_transfer	Open the top drawer of the wooden cabinet at the white-cabinet donor position.	libero_goal	open_the_top_drawer_and_put_the_bowl_inside	Open the top layer of the drawer and put the bowl inside	open(wooden_cabinet_1_top_region)			0	5	0.0	0
ANLGX_041	E4_clean_receptacle_or_support_transfer	Put the book in the back compartment of the caddy at the book-slot donor position.	libero_10	STUDY_SCENE1_pick_up_the_book_and_place_it_in_the_back_compartment_of_the_caddy	pick up the book and place it in the back compartment of the caddy	in(black_book_1, desk_caddy_1_back_contain_region)			0	5	0.0	0
ANLGX_042	E4_clean_receptacle_or_support_transfer	Put the book in the back compartment of the caddy at the mug-slot donor position.	libero_10	STUDY_SCENE1_pick_up_the_book_and_place_it_in_the_back_compartment_of_the_caddy	pick up the book and place it in the back compartment of the caddy	in(black_book_1, desk_caddy_1_back_contain_region)	The source mug is removed because the relocated caddy occupies its exact pose.		0	5	0.0	0
ANLGX_043	E4_clean_receptacle_or_support_transfer	Put the yellow and white mug in the microwave at the Scene 3 fixture position.	libero_10	KITCHEN_SCENE6_put_the_yellow_and_white_mug_in_the_microwave_and_close_it	put the yellow and white mug in the microwave and close it	in(white_yellow_mug_1, microwave_1_heating_region)			0	5	0.0	0
ANLGX_044	E4_clean_receptacle_or_support_transfer	Close the microwave at the Scene 3 fixture position.	libero_10	KITCHEN_SCENE6_put_the_yellow_and_white_mug_in_the_microwave_and_close_it	put the yellow and white mug in the microwave and close it	close(microwave_1)			0	5	0.0	0
ANLGX_045	E4_clean_receptacle_or_support_transfer	Put the yellow and white mug in the microwave at the Scene 8 fixture position.	libero_10	KITCHEN_SCENE6_put_the_yellow_and_white_mug_in_the_microwave_and_close_it	put the yellow and white mug in the microwave and close it	in(white_yellow_mug_1, microwave_1_heating_region)	The porcelain mug is removed because the left microwave overlaps its source pose.		0	5	0.0	0
ANLGX_046	E4_clean_receptacle_or_support_transfer	Close the microwave at the Scene 8 fixture position.	libero_10	KITCHEN_SCENE6_put_the_yellow_and_white_mug_in_the_microwave_and_close_it	put the yellow and white mug in the microwave and close it	close(microwave_1)	The porcelain mug is removed because the left microwave overlaps its source pose.		0	5	0.0	0
ANLGX_047	E4_clean_receptacle_or_support_transfer	Put the cream cheese in the basket at the former ketchup position.	libero_10	LIVING_ROOM_SCENE1_put_both_the_alphabet_soup_and_the_cream_cheese_box_in_the_basket	put both the alphabet soup and the cream cheese box in the basket	in(cream_cheese_1, basket_1_contain_region)	The source ketchup is removed because the relocated basket occupies its exact init region.		1	5	20.0	1
ANLGX_048	E4_clean_receptacle_or_support_transfer	Put the tomato sauce in the basket at the former ketchup position.	libero_10	LIVING_ROOM_SCENE2_put_both_the_alphabet_soup_and_the_tomato_sauce_in_the_basket	put both the alphabet soup and the tomato sauce in the basket	in(tomato_sauce_1, basket_1_contain_region)	The source ketchup is removed because the relocated basket occupies its exact init region.		0	5	0.0	0
ANLGX_049	E4_clean_receptacle_or_support_transfer	Put the butter in the basket at the former ketchup position.	libero_10	LIVING_ROOM_SCENE2_put_both_the_alphabet_soup_and_the_tomato_sauce_in_the_basket	put both the alphabet soup and the tomato sauce in the basket	in(butter_1, basket_1_contain_region)	The source ketchup is removed because the relocated basket occupies its exact init region.		0	5	0.0	0
ANLGX_050	E4_clean_receptacle_or_support_transfer	Put the wine bottle on the rack at the LIBERO-10 rack position.	libero_goal	put_the_wine_bottle_on_the_rack	Put the wine bottle on the rack	on(wine_bottle_1, wine_rack_1_top_region)	The wooden cabinet is removed because the relocated rack overlaps its source footprint.		1	5	20.0	1
ANLGX_051	E4_clean_receptacle_or_support_transfer	Put the black bowl on top of the wooden cabinet at the white-cabinet donor position.	libero_goal	put_the_bowl_on_top_of_the_cabinet	Put the bowl on the top of the drawer	on(akita_black_bowl_1, wooden_cabinet_1_top_side)			0	5	0.0	0
ANLGX_052	E4_clean_receptacle_or_support_transfer	Put the wine bottle on top of the wooden cabinet at the white-cabinet donor position.	libero_goal	put_the_wine_bottle_on_top_of_the_cabinet	Put the wine bottle on the top of the drawer	on(wine_bottle_1, wooden_cabinet_1_top_side)			1	5	20.0	1
ANLGX_053	S1_spatial_source_to_learned_destination	Pick up the black bowl between the plate and the ramekin and place it on the top of the wooden cabinet.	libero_spatial	pick_up_the_black_bowl_between_the_plate_and_the_ramekin_and_place_it_on_the_plate	Pick the akita black bowl between the plate and the ramekin and place it on the plate	on(akita_black_bowl_1, wooden_cabinet_1_top_side)			0	5	0.0	0
ANLGX_054	S1_spatial_source_to_learned_destination	Pick up the black bowl between the plate and the ramekin and place it on the stove.	libero_spatial	pick_up_the_black_bowl_between_the_plate_and_the_ramekin_and_place_it_on_the_plate	Pick the akita black bowl between the plate and the ramekin and place it on the plate	on(akita_black_bowl_1, flat_stove_1_cook_region)			0	5	0.0	0
ANLGX_055	S1_spatial_source_to_learned_destination	Pick up the black bowl next to the ramekin and place it on the top of the wooden cabinet.	libero_spatial	pick_up_the_black_bowl_next_to_the_ramekin_and_place_it_on_the_plate	Pick the akita black bowl next to the ramekin and place it on the plate	on(akita_black_bowl_1, wooden_cabinet_1_top_side)			0	5	0.0	0
ANLGX_056	S1_spatial_source_to_learned_destination	Pick up the black bowl next to the ramekin and place it on the stove.	libero_spatial	pick_up_the_black_bowl_next_to_the_ramekin_and_place_it_on_the_plate	Pick the akita black bowl next to the ramekin and place it on the plate	on(akita_black_bowl_1, flat_stove_1_cook_region)			0	5	0.0	0
ANLGX_057	S1_spatial_source_to_learned_destination	Pick up the black bowl at the table center and place it on the top of the wooden cabinet.	libero_spatial	pick_up_the_black_bowl_from_table_center_and_place_it_on_the_plate	Pick the akita black bowl from table center and place it on the plate	on(akita_black_bowl_1, wooden_cabinet_1_top_side)			0	5	0.0	0
ANLGX_058	S1_spatial_source_to_learned_destination	Pick up the black bowl at the table center and place it on the stove.	libero_spatial	pick_up_the_black_bowl_from_table_center_and_place_it_on_the_plate	Pick the akita black bowl from table center and place it on the plate	on(akita_black_bowl_1, flat_stove_1_cook_region)			0	5	0.0	0
ANLGX_059	S1_spatial_source_to_learned_destination	Pick up the black bowl on the cookies box and place it on the top of the wooden cabinet.	libero_spatial	pick_up_the_black_bowl_on_the_cookie_box_and_place_it_on_the_plate	Pick the akita black bowl on the cookies box and place it on the plate	on(akita_black_bowl_1, wooden_cabinet_1_top_side)			0	5	0.0	0
ANLGX_060	S1_spatial_source_to_learned_destination	Pick up the black bowl on the cookies box and place it on the stove.	libero_spatial	pick_up_the_black_bowl_on_the_cookie_box_and_place_it_on_the_plate	Pick the akita black bowl on the cookies box and place it on the plate	on(akita_black_bowl_1, flat_stove_1_cook_region)			0	5	0.0	0
ANLGX_061	S1_spatial_source_to_learned_destination	Pick up the black bowl in the top drawer of the wooden cabinet and place it on the top of the wooden cabinet.	libero_spatial	pick_up_the_black_bowl_in_the_top_drawer_of_the_wooden_cabinet_and_place_it_on_the_plate	Pick the akita black bowl in the top layer of the wooden cabinet and place it on the plate	on(akita_black_bowl_1, wooden_cabinet_1_top_side)			0	5	0.0	0
ANLGX_062	S1_spatial_source_to_learned_destination	Pick up the black bowl in the top drawer of the wooden cabinet and place it on the stove.	libero_spatial	pick_up_the_black_bowl_in_the_top_drawer_of_the_wooden_cabinet_and_place_it_on_the_plate	Pick the akita black bowl in the top layer of the wooden cabinet and place it on the plate	on(akita_black_bowl_1, flat_stove_1_cook_region)			0	5	0.0	0
ANLGX_063	S1_spatial_source_to_learned_destination	Pick up the black bowl on the ramekin and place it on the top of the wooden cabinet.	libero_spatial	pick_up_the_black_bowl_on_the_ramekin_and_place_it_on_the_plate	Pick the akita black bowl on the ramekin and place it on the plate	on(akita_black_bowl_1, wooden_cabinet_1_top_side)			1	5	20.0	1
ANLGX_064	S1_spatial_source_to_learned_destination	Pick up the black bowl on the ramekin and place it on the stove.	libero_spatial	pick_up_the_black_bowl_on_the_ramekin_and_place_it_on_the_plate	Pick the akita black bowl on the ramekin and place it on the plate	on(akita_black_bowl_1, flat_stove_1_cook_region)			0	5	0.0	0
ANLGX_065	S1_spatial_source_to_learned_destination	Pick up the black bowl next to the cookies box and place it on the top of the wooden cabinet.	libero_spatial	pick_up_the_black_bowl_next_to_the_cookie_box_and_place_it_on_the_plate	Pick the akita black bowl next to the cookies box and place it on the plate	on(akita_black_bowl_1, wooden_cabinet_1_top_side)			0	5	0.0	0
ANLGX_066	S1_spatial_source_to_learned_destination	Pick up the black bowl next to the cookies box and place it on the stove.	libero_spatial	pick_up_the_black_bowl_next_to_the_cookie_box_and_place_it_on_the_plate	Pick the akita black bowl next to the cookies box and place it on the plate	on(akita_black_bowl_1, flat_stove_1_cook_region)			0	5	0.0	0
ANLGX_067	S1_spatial_source_to_learned_destination	Pick up the black bowl on the stove and place it on the top of the wooden cabinet.	libero_spatial	pick_up_the_black_bowl_on_the_stove_and_place_it_on_the_plate	Pick the akita black bowl on the stove and place it on the plate	on(akita_black_bowl_1, wooden_cabinet_1_top_side)			0	5	0.0	0
ANLGX_068	S1_spatial_source_to_learned_destination	Pick up the black bowl next to the plate and place it on the top of the wooden cabinet.	libero_spatial	pick_up_the_black_bowl_next_to_the_plate_and_place_it_on_the_plate	Pick the akita black bowl next to the plate and place it on the plate	on(akita_black_bowl_1, wooden_cabinet_1_top_side)			0	5	0.0	0
ANLGX_069	S1_spatial_source_to_learned_destination	Pick up the black bowl next to the plate and place it on the stove.	libero_spatial	pick_up_the_black_bowl_next_to_the_plate_and_place_it_on_the_plate	Pick the akita black bowl next to the plate and place it on the plate	on(akita_black_bowl_1, flat_stove_1_cook_region)			0	5	0.0	0
ANLGX_070	S1_spatial_source_to_learned_destination	Pick up the black bowl on top of the wooden cabinet and place it on the stove.	libero_spatial	pick_up_the_black_bowl_on_the_wooden_cabinet_and_place_it_on_the_plate	Pick the akita black bowl on the wooden cabinet and place it on the plate	on(akita_black_bowl_1, flat_stove_1_cook_region)			0	5	0.0	0
ANLGX_071	S2_spatial_cabinet_to_basket_target_transfer	Pick up the black bowl between the plate and the ramekin and put it in the basket.	libero_spatial	pick_up_the_black_bowl_between_the_plate_and_the_ramekin_and_place_it_on_the_plate	Pick the akita black bowl between the plate and the ramekin and place it on the plate	in(akita_black_bowl_1, basket_1_contain_region)	The wooden cabinet is removed only because the basket occupies its footprint.		0	5	0.0	0
ANLGX_072	S2_spatial_cabinet_to_basket_target_transfer	Pick up the black bowl next to the ramekin and put it in the basket.	libero_spatial	pick_up_the_black_bowl_next_to_the_ramekin_and_place_it_on_the_plate	Pick the akita black bowl next to the ramekin and place it on the plate	in(akita_black_bowl_1, basket_1_contain_region)	The wooden cabinet is removed only because the basket occupies its footprint.		0	5	0.0	0
ANLGX_073	S2_spatial_cabinet_to_basket_target_transfer	Pick up the black bowl at the table center and put it in the basket.	libero_spatial	pick_up_the_black_bowl_from_table_center_and_place_it_on_the_plate	Pick the akita black bowl from table center and place it on the plate	in(akita_black_bowl_1, basket_1_contain_region)	The wooden cabinet is removed only because the basket occupies its footprint.		0	5	0.0	0
ANLGX_074	S2_spatial_cabinet_to_basket_target_transfer	Put the plate in the basket.	libero_spatial	pick_up_the_black_bowl_between_the_plate_and_the_ramekin_and_place_it_on_the_plate	Pick the akita black bowl between the plate and the ramekin and place it on the plate	in(plate_1, basket_1_contain_region)	Same instruction, three distinct official Spatial object layouts. | Training evidence: the plate is directly manipulated by the original Goal push task, but not by pick-and-place.		0	5	0.0	0
ANLGX_075	S2_spatial_cabinet_to_basket_target_transfer	Put the plate in the basket.	libero_spatial	pick_up_the_black_bowl_next_to_the_ramekin_and_place_it_on_the_plate	Pick the akita black bowl next to the ramekin and place it on the plate	in(plate_1, basket_1_contain_region)	Same instruction, three distinct official Spatial object layouts. | Training evidence: the plate is directly manipulated by the original Goal push task, but not by pick-and-place.		0	5	0.0	0
ANLGX_076	S2_spatial_cabinet_to_basket_target_transfer	Put the plate in the basket.	libero_spatial	pick_up_the_black_bowl_from_table_center_and_place_it_on_the_plate	Pick the akita black bowl from table center and place it on the plate	in(plate_1, basket_1_contain_region)	Same instruction, three distinct official Spatial object layouts. | Training evidence: the plate is directly manipulated by the original Goal push task, but not by pick-and-place.		0	5	0.0	0
ANLGX_077	S3_spatial_cabinet_start_to_added_rack	Pick up the black bowl on top of the wooden cabinet and put it on the wine rack.	libero_spatial	pick_up_the_black_bowl_on_the_wooden_cabinet_and_place_it_on_the_plate	Pick the akita black bowl on the wooden cabinet and place it on the plate	on(akita_black_bowl_1, wine_rack_1_top_region)	The rack uses the validated Goal right-side mirror pose; the source ramekin overlaps its footprint, and the stove plus second bowl block the cabinet-to-rack corridor, so only those blockers are removed. | Init gate: after settling, the manipulated object must still satisfy On(object, wooden-cabinet top); support-preserving roll is allowed. | Training evidence: direct black-bowl grasp in original Spatial and Goal tasks.		0	5	0.0	0
ANLGX_078	S3_spatial_cabinet_start_to_added_rack	Pick up the wine bottle on top of the wooden cabinet and put it on the wine rack.	libero_spatial	pick_up_the_black_bowl_on_the_wooden_cabinet_and_place_it_on_the_plate	Pick the akita black bowl on the wooden cabinet and place it on the plate	on(wine_bottle_1, wine_rack_1_top_region)	The rack uses the validated Goal right-side mirror pose; the source ramekin overlaps its footprint, and the stove plus second bowl block the cabinet-to-rack corridor, so only those blockers are removed. | Init gate: after settling, the manipulated object must still satisfy On(object, wooden-cabinet top); support-preserving roll is allowed. | Training evidence: direct wine-bottle grasp in original LIBERO-Goal tasks.		0	5	0.0	0
ANLGX_079	S4_spatial_source_object_binding	Pick up the cookies box between the plate and the ramekin and place it on the plate.	libero_spatial	pick_up_the_black_bowl_between_the_plate_and_the_ramekin_and_place_it_on_the_plate	Pick the akita black bowl between the plate and the ramekin and place it on the plate	on(cookies_1, plate_1)	Reference-identity collisions are excluded: the replaced object is never the ramekin/cookies/plate named by its own source relation. | Training evidence: this object appears in original Spatial scenes only as a distractor/support; no LIBERO-40 trajectory directly grasps it.		1	5	20.0	1
ANLGX_080	S4_spatial_source_object_binding	Pick up the wine bottle between the plate and the ramekin and place it on the plate.	libero_spatial	pick_up_the_black_bowl_between_the_plate_and_the_ramekin_and_place_it_on_the_plate	Pick the akita black bowl between the plate and the ramekin and place it on the plate	on(wine_bottle_1, plate_1)	Reference-identity collisions are excluded: the replaced object is never the ramekin/cookies/plate named by its own source relation. | Training evidence: direct wine-bottle grasp in original LIBERO-Goal tasks.		2	5	40.0	2
ANLGX_081	S4_spatial_source_object_binding	Pick up the butter between the plate and the ramekin and place it on the plate.	libero_spatial	pick_up_the_black_bowl_between_the_plate_and_the_ramekin_and_place_it_on_the_plate	Pick the akita black bowl between the plate and the ramekin and place it on the plate	on(butter_1, plate_1)	Reference-identity collisions are excluded: the replaced object is never the ramekin/cookies/plate named by its own source relation. | Training evidence: direct package grasp in original LIBERO-Object task 307.		3	5	60.0	3
ANLGX_082	S4_spatial_source_object_binding	Pick up the chocolate pudding between the plate and the ramekin and place it on the plate.	libero_spatial	pick_up_the_black_bowl_between_the_plate_and_the_ramekin_and_place_it_on_the_plate	Pick the akita black bowl between the plate and the ramekin and place it on the plate	on(chocolate_pudding_1, plate_1)	Reference-identity collisions are excluded: the replaced object is never the ramekin/cookies/plate named by its own source relation. | Training evidence: direct package grasp in original LIBERO-Object task 309.		3	5	60.0	3
ANLGX_083	S4_spatial_source_object_binding	Pick up the cookies box next to the ramekin and place it on the plate.	libero_spatial	pick_up_the_black_bowl_next_to_the_ramekin_and_place_it_on_the_plate	Pick the akita black bowl next to the ramekin and place it on the plate	on(cookies_1, plate_1)	Reference-identity collisions are excluded: the replaced object is never the ramekin/cookies/plate named by its own source relation. | Training evidence: this object appears in original Spatial scenes only as a distractor/support; no LIBERO-40 trajectory directly grasps it.		0	5	0.0	0
ANLGX_084	S4_spatial_source_object_binding	Pick up the wine bottle next to the ramekin and place it on the plate.	libero_spatial	pick_up_the_black_bowl_next_to_the_ramekin_and_place_it_on_the_plate	Pick the akita black bowl next to the ramekin and place it on the plate	on(wine_bottle_1, plate_1)	Reference-identity collisions are excluded: the replaced object is never the ramekin/cookies/plate named by its own source relation. | Training evidence: direct wine-bottle grasp in original LIBERO-Goal tasks.		0	5	0.0	0
ANLGX_085	S4_spatial_source_object_binding	Pick up the butter next to the ramekin and place it on the plate.	libero_spatial	pick_up_the_black_bowl_next_to_the_ramekin_and_place_it_on_the_plate	Pick the akita black bowl next to the ramekin and place it on the plate	on(butter_1, plate_1)	Reference-identity collisions are excluded: the replaced object is never the ramekin/cookies/plate named by its own source relation. | Training evidence: direct package grasp in original LIBERO-Object task 307.		0	5	0.0	0
ANLGX_086	S4_spatial_source_object_binding	Pick up the chocolate pudding next to the ramekin and place it on the plate.	libero_spatial	pick_up_the_black_bowl_next_to_the_ramekin_and_place_it_on_the_plate	Pick the akita black bowl next to the ramekin and place it on the plate	on(chocolate_pudding_1, plate_1)	Reference-identity collisions are excluded: the replaced object is never the ramekin/cookies/plate named by its own source relation. | Training evidence: direct package grasp in original LIBERO-Object task 309.		1	5	20.0	1
ANLGX_087	S4_spatial_source_object_binding	Pick up the cookies box at the table center and place it on the plate.	libero_spatial	pick_up_the_black_bowl_from_table_center_and_place_it_on_the_plate	Pick the akita black bowl from table center and place it on the plate	on(cookies_1, plate_1)	Reference-identity collisions are excluded: the replaced object is never the ramekin/cookies/plate named by its own source relation. | Training evidence: this object appears in original Spatial scenes only as a distractor/support; no LIBERO-40 trajectory directly grasps it.		0	5	0.0	0
ANLGX_088	S4_spatial_source_object_binding	Pick up the ramekin at the table center and place it on the plate.	libero_spatial	pick_up_the_black_bowl_from_table_center_and_place_it_on_the_plate	Pick the akita black bowl from table center and place it on the plate	on(glazed_rim_porcelain_ramekin_1, plate_1)	Reference-identity collisions are excluded: the replaced object is never the ramekin/cookies/plate named by its own source relation. | Training evidence: this object appears in original Spatial scenes only as a distractor/support; no LIBERO-40 trajectory directly grasps it.		5	5	100.0	5
ANLGX_089	S4_spatial_source_object_binding	Pick up the wine bottle at the table center and place it on the plate.	libero_spatial	pick_up_the_black_bowl_from_table_center_and_place_it_on_the_plate	Pick the akita black bowl from table center and place it on the plate	on(wine_bottle_1, plate_1)	Reference-identity collisions are excluded: the replaced object is never the ramekin/cookies/plate named by its own source relation. | Training evidence: direct wine-bottle grasp in original LIBERO-Goal tasks.		3	5	60.0	3
ANLGX_090	S4_spatial_source_object_binding	Pick up the butter at the table center and place it on the plate.	libero_spatial	pick_up_the_black_bowl_from_table_center_and_place_it_on_the_plate	Pick the akita black bowl from table center and place it on the plate	on(butter_1, plate_1)	Reference-identity collisions are excluded: the replaced object is never the ramekin/cookies/plate named by its own source relation. | Training evidence: direct package grasp in original LIBERO-Object task 307.		1	5	20.0	1
ANLGX_091	S4_spatial_source_object_binding	Pick up the chocolate pudding at the table center and place it on the plate.	libero_spatial	pick_up_the_black_bowl_from_table_center_and_place_it_on_the_plate	Pick the akita black bowl from table center and place it on the plate	on(chocolate_pudding_1, plate_1)	Reference-identity collisions are excluded: the replaced object is never the ramekin/cookies/plate named by its own source relation. | Training evidence: direct package grasp in original LIBERO-Object task 309.		1	5	20.0	1
ANLGX_092	S4_spatial_source_object_binding	Pick up the ramekin on the cookies box and place it on the plate.	libero_spatial	pick_up_the_black_bowl_on_the_cookie_box_and_place_it_on_the_plate	Pick the akita black bowl on the cookies box and place it on the plate	on(glazed_rim_porcelain_ramekin_1, plate_1)	Reference-identity collisions are excluded: the replaced object is never the ramekin/cookies/plate named by its own source relation. | Training evidence: this object appears in original Spatial scenes only as a distractor/support; no LIBERO-40 trajectory directly grasps it. | Init gate: after settling, the substituted object must still satisfy its exact source support predicate; support-preserving rotation is allowed.		5	5	100.0	5
ANLGX_093	S4_spatial_source_object_binding	Pick up the cookies box in the top drawer of the wooden cabinet and place it on the plate.	libero_spatial	pick_up_the_black_bowl_in_the_top_drawer_of_the_wooden_cabinet_and_place_it_on_the_plate	Pick the akita black bowl in the top layer of the wooden cabinet and place it on the plate	on(cookies_1, plate_1)	Reference-identity collisions are excluded: the replaced object is never the ramekin/cookies/plate named by its own source relation. | Training evidence: this object appears in original Spatial scenes only as a distractor/support; no LIBERO-40 trajectory directly grasps it. | Init gate: after settling, the substituted object must still satisfy its exact source support predicate; support-preserving rotation is allowed.		0	5	0.0	0
ANLGX_094	S4_spatial_source_object_binding	Pick up the ramekin in the top drawer of the wooden cabinet and place it on the plate.	libero_spatial	pick_up_the_black_bowl_in_the_top_drawer_of_the_wooden_cabinet_and_place_it_on_the_plate	Pick the akita black bowl in the top layer of the wooden cabinet and place it on the plate	on(glazed_rim_porcelain_ramekin_1, plate_1)	Reference-identity collisions are excluded: the replaced object is never the ramekin/cookies/plate named by its own source relation. | Training evidence: this object appears in original Spatial scenes only as a distractor/support; no LIBERO-40 trajectory directly grasps it. | Init gate: after settling, the substituted object must still satisfy its exact source support predicate; support-preserving rotation is allowed.		5	5	100.0	5
ANLGX_095	S4_spatial_source_object_binding	Pick up the wine bottle in the top drawer of the wooden cabinet and place it on the plate.	libero_spatial	pick_up_the_black_bowl_in_the_top_drawer_of_the_wooden_cabinet_and_place_it_on_the_plate	Pick the akita black bowl in the top layer of the wooden cabinet and place it on the plate	on(wine_bottle_1, plate_1)	Reference-identity collisions are excluded: the replaced object is never the ramekin/cookies/plate named by its own source relation. | Training evidence: direct wine-bottle grasp in original LIBERO-Goal tasks. | Init gate: after settling, the substituted object must still satisfy its exact source support predicate; support-preserving rotation is allowed.		0	5	0.0	0
ANLGX_096	S4_spatial_source_object_binding	Pick up the butter in the top drawer of the wooden cabinet and place it on the plate.	libero_spatial	pick_up_the_black_bowl_in_the_top_drawer_of_the_wooden_cabinet_and_place_it_on_the_plate	Pick the akita black bowl in the top layer of the wooden cabinet and place it on the plate	on(butter_1, plate_1)	Reference-identity collisions are excluded: the replaced object is never the ramekin/cookies/plate named by its own source relation. | Training evidence: direct package grasp in original LIBERO-Object task 307. | Init gate: after settling, the substituted object must still satisfy its exact source support predicate; support-preserving rotation is allowed.		0	5	0.0	0
ANLGX_097	S4_spatial_source_object_binding	Pick up the chocolate pudding in the top drawer of the wooden cabinet and place it on the plate.	libero_spatial	pick_up_the_black_bowl_in_the_top_drawer_of_the_wooden_cabinet_and_place_it_on_the_plate	Pick the akita black bowl in the top layer of the wooden cabinet and place it on the plate	on(chocolate_pudding_1, plate_1)	Reference-identity collisions are excluded: the replaced object is never the ramekin/cookies/plate named by its own source relation. | Training evidence: direct package grasp in original LIBERO-Object task 309. | Init gate: after settling, the substituted object must still satisfy its exact source support predicate; support-preserving rotation is allowed.		0	5	0.0	0
ANLGX_098	S4_spatial_source_object_binding	Pick up the chocolate pudding on the ramekin and place it on the plate.	libero_spatial	pick_up_the_black_bowl_on_the_ramekin_and_place_it_on_the_plate	Pick the akita black bowl on the ramekin and place it on the plate	on(chocolate_pudding_1, plate_1)	Reference-identity collisions are excluded: the replaced object is never the ramekin/cookies/plate named by its own source relation. | Training evidence: direct package grasp in original LIBERO-Object task 309. | Init gate: after settling, the substituted object must still satisfy its exact source support predicate; support-preserving rotation is allowed.		0	5	0.0	0
ANLGX_099	S4_spatial_source_object_binding	Pick up the ramekin next to the cookies box and place it on the plate.	libero_spatial	pick_up_the_black_bowl_next_to_the_cookie_box_and_place_it_on_the_plate	Pick the akita black bowl next to the cookies box and place it on the plate	on(glazed_rim_porcelain_ramekin_1, plate_1)	Reference-identity collisions are excluded: the replaced object is never the ramekin/cookies/plate named by its own source relation. | Training evidence: this object appears in original Spatial scenes only as a distractor/support; no LIBERO-40 trajectory directly grasps it.		4	5	80.0	4
ANLGX_100	S4_spatial_source_object_binding	Pick up the wine bottle next to the cookies box and place it on the plate.	libero_spatial	pick_up_the_black_bowl_next_to_the_cookie_box_and_place_it_on_the_plate	Pick the akita black bowl next to the cookies box and place it on the plate	on(wine_bottle_1, plate_1)	Reference-identity collisions are excluded: the replaced object is never the ramekin/cookies/plate named by its own source relation. | Training evidence: direct wine-bottle grasp in original LIBERO-Goal tasks.		0	5	0.0	0
ANLGX_101	S4_spatial_source_object_binding	Pick up the butter next to the cookies box and place it on the plate.	libero_spatial	pick_up_the_black_bowl_next_to_the_cookie_box_and_place_it_on_the_plate	Pick the akita black bowl next to the cookies box and place it on the plate	on(butter_1, plate_1)	Reference-identity collisions are excluded: the replaced object is never the ramekin/cookies/plate named by its own source relation. | Training evidence: direct package grasp in original LIBERO-Object task 307.		2	5	40.0	2
ANLGX_102	S4_spatial_source_object_binding	Pick up the chocolate pudding next to the cookies box and place it on the plate.	libero_spatial	pick_up_the_black_bowl_next_to_the_cookie_box_and_place_it_on_the_plate	Pick the akita black bowl next to the cookies box and place it on the plate	on(chocolate_pudding_1, plate_1)	Reference-identity collisions are excluded: the replaced object is never the ramekin/cookies/plate named by its own source relation. | Training evidence: direct package grasp in original LIBERO-Object task 309.		1	5	20.0	1
ANLGX_103	S4_spatial_source_object_binding	Pick up the cookies box on the stove and place it on the plate.	libero_spatial	pick_up_the_black_bowl_on_the_stove_and_place_it_on_the_plate	Pick the akita black bowl on the stove and place it on the plate	on(cookies_1, plate_1)	Reference-identity collisions are excluded: the replaced object is never the ramekin/cookies/plate named by its own source relation. | Training evidence: this object appears in original Spatial scenes only as a distractor/support; no LIBERO-40 trajectory directly grasps it. | Init gate: after settling, the substituted object must still satisfy its exact source support predicate; support-preserving rotation is allowed.		1	5	20.0	1
ANLGX_104	S4_spatial_source_object_binding	Pick up the ramekin on the stove and place it on the plate.	libero_spatial	pick_up_the_black_bowl_on_the_stove_and_place_it_on_the_plate	Pick the akita black bowl on the stove and place it on the plate	on(glazed_rim_porcelain_ramekin_1, plate_1)	Reference-identity collisions are excluded: the replaced object is never the ramekin/cookies/plate named by its own source relation. | Training evidence: this object appears in original Spatial scenes only as a distractor/support; no LIBERO-40 trajectory directly grasps it. | Init gate: after settling, the substituted object must still satisfy its exact source support predicate; support-preserving rotation is allowed.		2	5	40.0	2
ANLGX_105	S4_spatial_source_object_binding	Pick up the wine bottle on the stove and place it on the plate.	libero_spatial	pick_up_the_black_bowl_on_the_stove_and_place_it_on_the_plate	Pick the akita black bowl on the stove and place it on the plate	on(wine_bottle_1, plate_1)	Reference-identity collisions are excluded: the replaced object is never the ramekin/cookies/plate named by its own source relation. | Training evidence: direct wine-bottle grasp in original LIBERO-Goal tasks. | Init gate: after settling, the substituted object must still satisfy its exact source support predicate; support-preserving rotation is allowed.		0	5	0.0	0
ANLGX_106	S4_spatial_source_object_binding	Pick up the butter on the stove and place it on the plate.	libero_spatial	pick_up_the_black_bowl_on_the_stove_and_place_it_on_the_plate	Pick the akita black bowl on the stove and place it on the plate	on(butter_1, plate_1)	Reference-identity collisions are excluded: the replaced object is never the ramekin/cookies/plate named by its own source relation. | Training evidence: direct package grasp in original LIBERO-Object task 307. | Init gate: after settling, the substituted object must still satisfy its exact source support predicate; support-preserving rotation is allowed.		0	5	0.0	0
ANLGX_107	S4_spatial_source_object_binding	Pick up the chocolate pudding on the stove and place it on the plate.	libero_spatial	pick_up_the_black_bowl_on_the_stove_and_place_it_on_the_plate	Pick the akita black bowl on the stove and place it on the plate	on(chocolate_pudding_1, plate_1)	Reference-identity collisions are excluded: the replaced object is never the ramekin/cookies/plate named by its own source relation. | Training evidence: direct package grasp in original LIBERO-Object task 309. | Init gate: after settling, the substituted object must still satisfy its exact source support predicate; support-preserving rotation is allowed.		2	5	40.0	2
ANLGX_108	S4_spatial_source_object_binding	Pick up the cookies box next to the plate and place it on the plate.	libero_spatial	pick_up_the_black_bowl_next_to_the_plate_and_place_it_on_the_plate	Pick the akita black bowl next to the plate and place it on the plate	on(cookies_1, plate_1)	Reference-identity collisions are excluded: the replaced object is never the ramekin/cookies/plate named by its own source relation. | Training evidence: this object appears in original Spatial scenes only as a distractor/support; no LIBERO-40 trajectory directly grasps it.		0	5	0.0	0
ANLGX_109	S4_spatial_source_object_binding	Pick up the ramekin next to the plate and place it on the plate.	libero_spatial	pick_up_the_black_bowl_next_to_the_plate_and_place_it_on_the_plate	Pick the akita black bowl next to the plate and place it on the plate	on(glazed_rim_porcelain_ramekin_1, plate_1)	Reference-identity collisions are excluded: the replaced object is never the ramekin/cookies/plate named by its own source relation. | Training evidence: this object appears in original Spatial scenes only as a distractor/support; no LIBERO-40 trajectory directly grasps it.		4	5	80.0	4
ANLGX_110	S4_spatial_source_object_binding	Pick up the wine bottle next to the plate and place it on the plate.	libero_spatial	pick_up_the_black_bowl_next_to_the_plate_and_place_it_on_the_plate	Pick the akita black bowl next to the plate and place it on the plate	on(wine_bottle_1, plate_1)	Reference-identity collisions are excluded: the replaced object is never the ramekin/cookies/plate named by its own source relation. | Training evidence: direct wine-bottle grasp in original LIBERO-Goal tasks.		0	5	0.0	0
ANLGX_111	S4_spatial_source_object_binding	Pick up the butter next to the plate and place it on the plate.	libero_spatial	pick_up_the_black_bowl_next_to_the_plate_and_place_it_on_the_plate	Pick the akita black bowl next to the plate and place it on the plate	on(butter_1, plate_1)	Reference-identity collisions are excluded: the replaced object is never the ramekin/cookies/plate named by its own source relation. | Training evidence: direct package grasp in original LIBERO-Object task 307.		0	5	0.0	0
ANLGX_112	S4_spatial_source_object_binding	Pick up the chocolate pudding next to the plate and place it on the plate.	libero_spatial	pick_up_the_black_bowl_next_to_the_plate_and_place_it_on_the_plate	Pick the akita black bowl next to the plate and place it on the plate	on(chocolate_pudding_1, plate_1)	Reference-identity collisions are excluded: the replaced object is never the ramekin/cookies/plate named by its own source relation. | Training evidence: direct package grasp in original LIBERO-Object task 309.		0	5	0.0	0
ANLGX_113	S4_spatial_source_object_binding	Pick up the cookies box on top of the wooden cabinet and place it on the plate.	libero_spatial	pick_up_the_black_bowl_on_the_wooden_cabinet_and_place_it_on_the_plate	Pick the akita black bowl on the wooden cabinet and place it on the plate	on(cookies_1, plate_1)	Reference-identity collisions are excluded: the replaced object is never the ramekin/cookies/plate named by its own source relation. | Training evidence: this object appears in original Spatial scenes only as a distractor/support; no LIBERO-40 trajectory directly grasps it. | Init gate: after settling, the substituted object must still satisfy its exact source support predicate; support-preserving rotation is allowed.		0	5	0.0	0
ANLGX_114	S4_spatial_source_object_binding	Pick up the ramekin on top of the wooden cabinet and place it on the plate.	libero_spatial	pick_up_the_black_bowl_on_the_wooden_cabinet_and_place_it_on_the_plate	Pick the akita black bowl on the wooden cabinet and place it on the plate	on(glazed_rim_porcelain_ramekin_1, plate_1)	Reference-identity collisions are excluded: the replaced object is never the ramekin/cookies/plate named by its own source relation. | Training evidence: this object appears in original Spatial scenes only as a distractor/support; no LIBERO-40 trajectory directly grasps it. | Init gate: after settling, the substituted object must still satisfy its exact source support predicate; support-preserving rotation is allowed.		5	5	100.0	5
ANLGX_115	S4_spatial_source_object_binding	Pick up the wine bottle on top of the wooden cabinet and place it on the plate.	libero_spatial	pick_up_the_black_bowl_on_the_wooden_cabinet_and_place_it_on_the_plate	Pick the akita black bowl on the wooden cabinet and place it on the plate	on(wine_bottle_1, plate_1)	Reference-identity collisions are excluded: the replaced object is never the ramekin/cookies/plate named by its own source relation. | Training evidence: direct wine-bottle grasp in original LIBERO-Goal tasks. | Init gate: after settling, the substituted object must still satisfy its exact source support predicate; support-preserving rotation is allowed.		0	5	0.0	0
ANLGX_116	S4_spatial_source_object_binding	Pick up the butter on top of the wooden cabinet and place it on the plate.	libero_spatial	pick_up_the_black_bowl_on_the_wooden_cabinet_and_place_it_on_the_plate	Pick the akita black bowl on the wooden cabinet and place it on the plate	on(butter_1, plate_1)	Reference-identity collisions are excluded: the replaced object is never the ramekin/cookies/plate named by its own source relation. | Training evidence: direct package grasp in original LIBERO-Object task 307. | Init gate: after settling, the substituted object must still satisfy its exact source support predicate; support-preserving rotation is allowed.		0	5	0.0	0
ANLGX_117	S4_spatial_source_object_binding	Pick up the chocolate pudding on top of the wooden cabinet and place it on the plate.	libero_spatial	pick_up_the_black_bowl_on_the_wooden_cabinet_and_place_it_on_the_plate	Pick the akita black bowl on the wooden cabinet and place it on the plate	on(chocolate_pudding_1, plate_1)	Reference-identity collisions are excluded: the replaced object is never the ramekin/cookies/plate named by its own source relation. | Training evidence: direct package grasp in original LIBERO-Object task 309. | Init gate: after settling, the substituted object must still satisfy its exact source support predicate; support-preserving rotation is allowed.		1	5	20.0	1
ANLGX_118	S5_spatial_sibling_drawer_action	Open the top drawer of the wooden cabinet.	libero_spatial	pick_up_the_black_bowl_between_the_plate_and_the_ramekin_and_place_it_on_the_plate	Pick the akita black bowl between the plate and the ramekin and place it on the plate	open(wooden_cabinet_1_top_region)			1	5	20.0	1
ANLGX_119	S5_spatial_sibling_drawer_action	Open the middle drawer of the wooden cabinet.	libero_spatial	pick_up_the_black_bowl_between_the_plate_and_the_ramekin_and_place_it_on_the_plate	Pick the akita black bowl between the plate and the ramekin and place it on the plate	open(wooden_cabinet_1_middle_region)			0	5	0.0	0
ANLGX_120	S5_spatial_sibling_drawer_action	Open the bottom drawer of the wooden cabinet.	libero_spatial	pick_up_the_black_bowl_between_the_plate_and_the_ramekin_and_place_it_on_the_plate	Pick the akita black bowl between the plate and the ramekin and place it on the plate	open(wooden_cabinet_1_bottom_region)			0	5	0.0	0
ANLGX_121	S5_spatial_sibling_drawer_action	Close the top drawer of the wooden cabinet.	libero_spatial	pick_up_the_black_bowl_between_the_plate_and_the_ramekin_and_place_it_on_the_plate	Pick the akita black bowl between the plate and the ramekin and place it on the plate	close(wooden_cabinet_1_top_region)			0	5	0.0	0
ANLGX_122	S5_spatial_sibling_drawer_action	Close the middle drawer of the wooden cabinet.	libero_spatial	pick_up_the_black_bowl_between_the_plate_and_the_ramekin_and_place_it_on_the_plate	Pick the akita black bowl between the plate and the ramekin and place it on the plate	close(wooden_cabinet_1_middle_region)			0	5	0.0	0
ANLGX_123	S5_spatial_sibling_drawer_action	Close the bottom drawer of the wooden cabinet.	libero_spatial	pick_up_the_black_bowl_between_the_plate_and_the_ramekin_and_place_it_on_the_plate	Pick the akita black bowl between the plate and the ramekin and place it on the plate	close(wooden_cabinet_1_bottom_region)			0	5	0.0	0
ANLGX_124	G1_goal_object_to_stove	Put the wine bottle on the stove.	libero_goal	put_the_bowl_on_the_stove	Put the bowl on the stove	on(wine_bottle_1, flat_stove_1_cook_region)	Relation evidence: original Goal task 8; the source manipuland pose is preserved. | Training evidence: direct wine-bottle grasp in original LIBERO-Goal tasks.		4	5	80.0	4
ANLGX_125	G1_goal_object_to_stove	Put the butter on the stove.	libero_goal	put_the_bowl_on_the_stove	Put the bowl on the stove	on(butter_1, flat_stove_1_cook_region)	Relation evidence: original Goal task 8; the source manipuland pose is preserved. | Training evidence: direct package grasp in original LIBERO-Object task 307.		0	5	0.0	0
ANLGX_126	G1_goal_object_to_stove	Put the chocolate pudding on the stove.	libero_goal	put_the_bowl_on_the_stove	Put the bowl on the stove	on(chocolate_pudding_1, flat_stove_1_cook_region)	Relation evidence: original Goal task 8; the source manipuland pose is preserved. | Training evidence: direct package grasp in original LIBERO-Object task 309.		3	5	60.0	3
ANLGX_127	G1_goal_object_to_stove	Put the cream cheese on the stove.	libero_goal	put_the_bowl_on_the_stove	Put the bowl on the stove	on(cream_cheese_1, flat_stove_1_cook_region)	Relation evidence: original Goal task 8; the source manipuland pose is preserved. | Training evidence: direct cream-cheese grasp in original Goal and LIBERO-Object tasks.		3	5	60.0	3
ANLGX_128	G1_goal_object_to_stove	Put the plate on the stove.	libero_goal	put_the_bowl_on_the_stove	Put the bowl on the stove	on(plate_1, flat_stove_1_cook_region)	Relation evidence: original Goal task 8; the source manipuland pose is preserved. | Training evidence: the plate is directly manipulated by the original Goal push task, but not by pick-and-place.		0	5	0.0	0
ANLGX_129	G2_goal_object_to_rack	Put the black bowl on the wine rack.	libero_goal	put_the_wine_bottle_on_the_rack	Put the wine bottle on the rack	on(akita_black_bowl_1, wine_rack_1_top_region)	Relation evidence: original Goal task 2; the source manipuland pose is preserved. | Training evidence: direct black-bowl grasp in original Spatial and Goal tasks.		1	5	20.0	1
ANLGX_130	G2_goal_object_to_rack	Put the plate on the wine rack.	libero_goal	put_the_wine_bottle_on_the_rack	Put the wine bottle on the rack	on(plate_1, wine_rack_1_top_region)	Relation evidence: original Goal task 2; the source manipuland pose is preserved. | Training evidence: the plate is directly manipulated by the original Goal push task, but not by pick-and-place.		0	5	0.0	0
ANLGX_131	G2_goal_object_to_rack	Put the butter on the wine rack.	libero_goal	put_the_wine_bottle_on_the_rack	Put the wine bottle on the rack	on(butter_1, wine_rack_1_top_region)	Relation evidence: original Goal task 2; the source manipuland pose is preserved. | Training evidence: direct package grasp in original LIBERO-Object task 307.		0	5	0.0	0
ANLGX_132	G2_goal_object_to_rack	Put the chocolate pudding on the wine rack.	libero_goal	put_the_wine_bottle_on_the_rack	Put the wine bottle on the rack	on(chocolate_pudding_1, wine_rack_1_top_region)	Relation evidence: original Goal task 2; the source manipuland pose is preserved. | Training evidence: direct package grasp in original LIBERO-Object task 309.		0	5	0.0	0
ANLGX_133	G2_goal_object_to_rack	Put the cream cheese on the wine rack.	libero_goal	put_the_wine_bottle_on_the_rack	Put the wine bottle on the rack	on(cream_cheese_1, wine_rack_1_top_region)	Relation evidence: original Goal task 2; the source manipuland pose is preserved. | Training evidence: direct cream-cheese grasp in original Goal and LIBERO-Object tasks.		0	5	0.0	0
ANLGX_134	G3_goal_object_to_cabinet_top	Put the plate on the top of the wooden cabinet.	libero_goal	put_the_wine_bottle_on_top_of_the_cabinet	Put the wine bottle on the top of the drawer	on(plate_1, wooden_cabinet_1_top_side)	Relation evidence: original Goal task 5; the source manipuland pose is preserved. | Training evidence: the plate is directly manipulated by the original Goal push task, but not by pick-and-place.		1	5	20.0	1
ANLGX_135	G3_goal_object_to_cabinet_top	Put the cream cheese on the top of the wooden cabinet.	libero_goal	put_the_wine_bottle_on_top_of_the_cabinet	Put the wine bottle on the top of the drawer	on(cream_cheese_1, wooden_cabinet_1_top_side)	Relation evidence: original Goal task 5; the source manipuland pose is preserved. | Training evidence: direct cream-cheese grasp in original Goal and LIBERO-Object tasks.		2	5	40.0	2
ANLGX_136	G3_goal_object_to_cabinet_top	Put the butter on the top of the wooden cabinet.	libero_goal	put_the_wine_bottle_on_top_of_the_cabinet	Put the wine bottle on the top of the drawer	on(butter_1, wooden_cabinet_1_top_side)	Relation evidence: original Goal task 5; the source manipuland pose is preserved. | Training evidence: direct package grasp in original LIBERO-Object task 307.		4	5	80.0	4
ANLGX_137	G3_goal_object_to_cabinet_top	Put the chocolate pudding on the top of the wooden cabinet.	libero_goal	put_the_wine_bottle_on_top_of_the_cabinet	Put the wine bottle on the top of the drawer	on(chocolate_pudding_1, wooden_cabinet_1_top_side)	Relation evidence: original Goal task 5; the source manipuland pose is preserved. | Training evidence: direct package grasp in original LIBERO-Object task 309.		2	5	40.0	2
ANLGX_138	G4_goal_object_to_bowl	Put the butter on the black bowl.	libero_goal	put_the_cream_cheese_in_the_bowl	Put the cream cheese on the bowl	on(butter_1, akita_black_bowl_1)	Relation evidence: original Goal task 4; the source manipuland pose is preserved. | Training evidence: direct package grasp in original LIBERO-Object task 307.		5	5	100.0	5
ANLGX_139	G4_goal_object_to_bowl	Put the chocolate pudding on the black bowl.	libero_goal	put_the_cream_cheese_in_the_bowl	Put the cream cheese on the bowl	on(chocolate_pudding_1, akita_black_bowl_1)	Relation evidence: original Goal task 4; the source manipuland pose is preserved. | Training evidence: direct package grasp in original LIBERO-Object task 309.		5	5	100.0	5
ANLGX_140	G5_goal_object_to_plate	Put the wine bottle on the plate.	libero_goal	put_the_bowl_on_the_plate	Put the bowl on the plate	on(wine_bottle_1, plate_1)	Relation evidence: original Goal task 1; the source manipuland pose is preserved. | Training evidence: direct wine-bottle grasp in original LIBERO-Goal tasks.		2	5	40.0	2
ANLGX_141	G5_goal_object_to_plate	Put the cream cheese on the plate.	libero_goal	put_the_bowl_on_the_plate	Put the bowl on the plate	on(cream_cheese_1, plate_1)	Relation evidence: original Goal task 1; the source manipuland pose is preserved. | Training evidence: direct cream-cheese grasp in original Goal and LIBERO-Object tasks.		1	5	20.0	1
ANLGX_142	G5_goal_object_to_plate	Put the butter on the plate.	libero_goal	put_the_bowl_on_the_plate	Put the bowl on the plate	on(butter_1, plate_1)	Relation evidence: original Goal task 1; the source manipuland pose is preserved. | Training evidence: direct package grasp in original LIBERO-Object task 307.		0	5	0.0	0
ANLGX_143	G5_goal_object_to_plate	Put the chocolate pudding on the plate.	libero_goal	put_the_bowl_on_the_plate	Put the bowl on the plate	on(chocolate_pudding_1, plate_1)	Relation evidence: original Goal task 1; the source manipuland pose is preserved. | Training evidence: direct package grasp in original LIBERO-Object task 309.		2	5	40.0	2
ANLGX_144	G6_goal_object_to_sibling_drawer	Put the wine bottle in the top drawer of the wooden cabinet.	libero_goal	open_the_top_drawer_and_put_the_bowl_inside	Open the top layer of the drawer and put the bowl inside	in(wine_bottle_1, wooden_cabinet_1_top_region)	Training evidence: direct wine-bottle grasp in original LIBERO-Goal tasks.		0	5	0.0	0
ANLGX_145	G6_goal_object_to_sibling_drawer	Put the wine bottle in the middle drawer of the wooden cabinet.	libero_goal	open_the_top_drawer_and_put_the_bowl_inside	Open the top layer of the drawer and put the bowl inside	in(wine_bottle_1, wooden_cabinet_1_middle_region)	Training evidence: direct wine-bottle grasp in original LIBERO-Goal tasks.		0	5	0.0	0
ANLGX_146	G6_goal_object_to_sibling_drawer	Put the wine bottle in the bottom drawer of the wooden cabinet.	libero_goal	open_the_top_drawer_and_put_the_bowl_inside	Open the top layer of the drawer and put the bowl inside	in(wine_bottle_1, wooden_cabinet_1_bottom_region)	Training evidence: direct wine-bottle grasp in original LIBERO-Goal tasks.		0	5	0.0	0
ANLGX_147	G6_goal_object_to_sibling_drawer	Put the cream cheese in the top drawer of the wooden cabinet.	libero_goal	open_the_top_drawer_and_put_the_bowl_inside	Open the top layer of the drawer and put the bowl inside	in(cream_cheese_1, wooden_cabinet_1_top_region)	Training evidence: direct cream-cheese grasp in original Goal and LIBERO-Object tasks.		3	5	60.0	3
ANLGX_148	G6_goal_object_to_sibling_drawer	Put the cream cheese in the middle drawer of the wooden cabinet.	libero_goal	open_the_top_drawer_and_put_the_bowl_inside	Open the top layer of the drawer and put the bowl inside	in(cream_cheese_1, wooden_cabinet_1_middle_region)	Training evidence: direct cream-cheese grasp in original Goal and LIBERO-Object tasks.		2	5	40.0	2
ANLGX_149	G6_goal_object_to_sibling_drawer	Put the cream cheese in the bottom drawer of the wooden cabinet.	libero_goal	open_the_top_drawer_and_put_the_bowl_inside	Open the top layer of the drawer and put the bowl inside	in(cream_cheese_1, wooden_cabinet_1_bottom_region)	Training evidence: direct cream-cheese grasp in original Goal and LIBERO-Object tasks.		4	5	80.0	4
ANLGX_150	G6_goal_object_to_sibling_drawer	Put the butter in the top drawer of the wooden cabinet.	libero_goal	open_the_top_drawer_and_put_the_bowl_inside	Open the top layer of the drawer and put the bowl inside	in(butter_1, wooden_cabinet_1_top_region)	Training evidence: direct package grasp in original LIBERO-Object task 307.		2	5	40.0	2
ANLGX_151	G6_goal_object_to_sibling_drawer	Put the butter in the middle drawer of the wooden cabinet.	libero_goal	open_the_top_drawer_and_put_the_bowl_inside	Open the top layer of the drawer and put the bowl inside	in(butter_1, wooden_cabinet_1_middle_region)	Training evidence: direct package grasp in original LIBERO-Object task 307.		2	5	40.0	2
ANLGX_152	G6_goal_object_to_sibling_drawer	Put the butter in the bottom drawer of the wooden cabinet.	libero_goal	open_the_top_drawer_and_put_the_bowl_inside	Open the top layer of the drawer and put the bowl inside	in(butter_1, wooden_cabinet_1_bottom_region)	Training evidence: direct package grasp in original LIBERO-Object task 307.		3	5	60.0	3
ANLGX_153	G6_goal_object_to_sibling_drawer	Put the chocolate pudding in the top drawer of the wooden cabinet.	libero_goal	open_the_top_drawer_and_put_the_bowl_inside	Open the top layer of the drawer and put the bowl inside	in(chocolate_pudding_1, wooden_cabinet_1_top_region)	Training evidence: direct package grasp in original LIBERO-Object task 309.		2	5	40.0	2
ANLGX_154	G6_goal_object_to_sibling_drawer	Put the chocolate pudding in the middle drawer of the wooden cabinet.	libero_goal	open_the_top_drawer_and_put_the_bowl_inside	Open the top layer of the drawer and put the bowl inside	in(chocolate_pudding_1, wooden_cabinet_1_middle_region)	Training evidence: direct package grasp in original LIBERO-Object task 309.		1	5	20.0	1
ANLGX_155	G6_goal_object_to_sibling_drawer	Put the chocolate pudding in the bottom drawer of the wooden cabinet.	libero_goal	open_the_top_drawer_and_put_the_bowl_inside	Open the top layer of the drawer and put the bowl inside	in(chocolate_pudding_1, wooden_cabinet_1_bottom_region)	Training evidence: direct package grasp in original LIBERO-Object task 309.		3	5	60.0	3
ANLGX_156	G7_goal_push_object_binding	Push the black bowl to the front of the stove.	libero_goal	push_the_plate_to_the_front_of_the_stove	Push the plate to the front of the stove	on(akita_black_bowl_1, main_table_stove_front_region)			0	5	0.0	0
ANLGX_157	G8_goal_object_to_forward_stove	Put the wine bottle on the forward-relocated stove.	libero_goal	put_the_bowl_on_the_stove	Put the bowl on the stove	on(wine_bottle_1, flat_stove_1_cook_region)	Training evidence: direct wine-bottle grasp in original LIBERO-Goal tasks.		1	5	20.0	1
ANLGX_158	G8_goal_object_to_forward_stove	Put the butter on the forward-relocated stove.	libero_goal	put_the_bowl_on_the_stove	Put the bowl on the stove	on(butter_1, flat_stove_1_cook_region)	Training evidence: direct package grasp in original LIBERO-Object task 307.		0	5	0.0	0
ANLGX_159	G8_goal_object_to_forward_stove	Put the chocolate pudding on the forward-relocated stove.	libero_goal	put_the_bowl_on_the_stove	Put the bowl on the stove	on(chocolate_pudding_1, flat_stove_1_cook_region)	Training evidence: direct package grasp in original LIBERO-Object task 309.		2	5	40.0	2
ANLGX_160	G8_goal_object_to_forward_stove	Put the cream cheese on the forward-relocated stove.	libero_goal	put_the_bowl_on_the_stove	Put the bowl on the stove	on(cream_cheese_1, flat_stove_1_cook_region)	Training evidence: direct cream-cheese grasp in original Goal and LIBERO-Object tasks.		0	5	0.0	0
ANLGX_161	G8_goal_object_to_forward_stove	Put the plate on the forward-relocated stove.	libero_goal	put_the_bowl_on_the_stove	Put the bowl on the stove	on(plate_1, flat_stove_1_cook_region)	Training evidence: the plate is directly manipulated by the original Goal push task, but not by pick-and-place.		0	5	0.0	0
ANLGX_162	G8_goal_object_to_forward_stove	Push the black bowl to the front of the forward-relocated stove.	libero_goal	push_the_plate_to_the_front_of_the_stove	Push the plate to the front of the stove	on(akita_black_bowl_1, main_table_stove_front_region)	The yellow mask is projected from the transformed current BDDL front region.		0	5	0.0	0
ANLGX_163	G9_goal_object_to_mirrored_rack	Put the wine bottle on the right-side wine rack.	libero_goal	put_the_wine_bottle_on_the_rack	Put the wine bottle on the rack	on(wine_bottle_1, wine_rack_1_top_region)	The stove is removed because its original footprint overlaps the right-side rack. | Training evidence: direct wine-bottle grasp in original LIBERO-Goal tasks.		0	5	0.0	0
ANLGX_164	G9_goal_object_to_mirrored_rack	Put the black bowl on the right-side wine rack.	libero_goal	put_the_wine_bottle_on_the_rack	Put the wine bottle on the rack	on(akita_black_bowl_1, wine_rack_1_top_region)	The stove is removed because its original footprint overlaps the right-side rack. | Training evidence: direct black-bowl grasp in original Spatial and Goal tasks.		0	5	0.0	0
ANLGX_165	G9_goal_object_to_mirrored_rack	Put the plate on the right-side wine rack.	libero_goal	put_the_wine_bottle_on_the_rack	Put the wine bottle on the rack	on(plate_1, wine_rack_1_top_region)	The stove is removed because its original footprint overlaps the right-side rack. | Training evidence: the plate is directly manipulated by the original Goal push task, but not by pick-and-place.		0	5	0.0	0
ANLGX_166	G9_goal_object_to_mirrored_rack	Put the butter on the right-side wine rack.	libero_goal	put_the_wine_bottle_on_the_rack	Put the wine bottle on the rack	on(butter_1, wine_rack_1_top_region)	The stove is removed because its original footprint overlaps the right-side rack. | Training evidence: direct package grasp in original LIBERO-Object task 307.		0	5	0.0	0
ANLGX_167	G9_goal_object_to_mirrored_rack	Put the chocolate pudding on the right-side wine rack.	libero_goal	put_the_wine_bottle_on_the_rack	Put the wine bottle on the rack	on(chocolate_pudding_1, wine_rack_1_top_region)	The stove is removed because its original footprint overlaps the right-side rack. | Training evidence: direct package grasp in original LIBERO-Object task 309.		0	5	0.0	0
ANLGX_168	G9_goal_object_to_mirrored_rack	Put the cream cheese on the right-side wine rack.	libero_goal	put_the_wine_bottle_on_the_rack	Put the wine bottle on the rack	on(cream_cheese_1, wine_rack_1_top_region)	The stove is removed because its original footprint overlaps the right-side rack. | Training evidence: direct cream-cheese grasp in original Goal and LIBERO-Object tasks.		0	5	0.0	0
ANLGX_169	G10_goal_sibling_drawer_close	Close the top drawer of the wooden cabinet.	libero_goal	open_the_middle_drawer_of_the_cabinet	Open the middle layer of the drawer	close(wooden_cabinet_1_top_region)			3	5	60.0	3
ANLGX_170	G10_goal_sibling_drawer_close	Close the middle drawer of the wooden cabinet.	libero_goal	open_the_middle_drawer_of_the_cabinet	Open the middle layer of the drawer	close(wooden_cabinet_1_middle_region)			5	5	100.0	5
ANLGX_171	G10_goal_sibling_drawer_close	Close the bottom drawer of the wooden cabinet.	libero_goal	open_the_middle_drawer_of_the_cabinet	Open the middle layer of the drawer	close(wooden_cabinet_1_bottom_region)			1	5	20.0	1
ANLGX_172	L1_libero10_white_cabinet_object_slot	Put the wine bottle in the top drawer of the white cabinet.	libero_10	KITCHEN_SCENE4_put_the_black_bowl_in_the_bottom_drawer_of_the_cabinet_and_close_it	put the black bowl in the bottom drawer of the cabinet and close it	in(wine_bottle_1, white_cabinet_1_top_region)	Training evidence: direct wine-bottle grasp in original LIBERO-Goal tasks.		0	5	0.0	0
ANLGX_173	L1_libero10_white_cabinet_object_slot	Put the wine bottle in the middle drawer of the white cabinet.	libero_10	KITCHEN_SCENE4_put_the_black_bowl_in_the_bottom_drawer_of_the_cabinet_and_close_it	put the black bowl in the bottom drawer of the cabinet and close it	in(wine_bottle_1, white_cabinet_1_middle_region)	Training evidence: direct wine-bottle grasp in original LIBERO-Goal tasks.		0	5	0.0	0
ANLGX_174	L1_libero10_white_cabinet_object_slot	Put the wine bottle in the bottom drawer of the white cabinet.	libero_10	KITCHEN_SCENE4_put_the_black_bowl_in_the_bottom_drawer_of_the_cabinet_and_close_it	put the black bowl in the bottom drawer of the cabinet and close it	in(wine_bottle_1, white_cabinet_1_bottom_region)	Training evidence: direct wine-bottle grasp in original LIBERO-Goal tasks.		1	5	20.0	1
ANLGX_175	L2_libero10_white_cabinet_atomic_close	Close the bottom drawer of the white cabinet.	libero_10	KITCHEN_SCENE4_put_the_black_bowl_in_the_bottom_drawer_of_the_cabinet_and_close_it	put the black bowl in the bottom drawer of the cabinet and close it	close(white_cabinet_1_bottom_region)			2	5	40.0	2
ANLGX_176	L3_libero10_caddy_object_compartment	Put the yellow and white mug in the back compartment of the caddy.	libero_10	STUDY_SCENE1_pick_up_the_book_and_place_it_in_the_back_compartment_of_the_caddy	pick up the book and place it in the back compartment of the caddy	in(white_yellow_mug_1, desk_caddy_1_back_contain_region)	Training evidence: direct mug grasp in original LIBERO-10 tasks.		2	5	40.0	2
ANLGX_177	L3_libero10_caddy_object_compartment	Put the yellow and white mug in the front compartment of the caddy.	libero_10	STUDY_SCENE1_pick_up_the_book_and_place_it_in_the_back_compartment_of_the_caddy	pick up the book and place it in the back compartment of the caddy	in(white_yellow_mug_1, desk_caddy_1_front_contain_region)	Training evidence: direct mug grasp in original LIBERO-10 tasks.		0	5	0.0	0
ANLGX_178	L3_libero10_caddy_object_compartment	Put the yellow and white mug in the left compartment of the caddy.	libero_10	STUDY_SCENE1_pick_up_the_book_and_place_it_in_the_back_compartment_of_the_caddy	pick up the book and place it in the back compartment of the caddy	in(white_yellow_mug_1, desk_caddy_1_left_contain_region)	Training evidence: direct mug grasp in original LIBERO-10 tasks.		3	5	60.0	3
ANLGX_179	L3_libero10_caddy_object_compartment	Put the yellow and white mug in the right compartment of the caddy.	libero_10	STUDY_SCENE1_pick_up_the_book_and_place_it_in_the_back_compartment_of_the_caddy	pick up the book and place it in the back compartment of the caddy	in(white_yellow_mug_1, desk_caddy_1_right_contain_region)	Training evidence: direct mug grasp in original LIBERO-10 tasks.		0	5	0.0	0
ANLGX_180	L4_libero10_frypan_stove_binding	Put the frypan on the stove at the original Scene-3 position.	libero_10	KITCHEN_SCENE3_turn_on_the_stove_and_put_the_moka_pot_on_it	turn on the stove and put the moka pot on it	on(chefmate_8_frypan_1, flat_stove_1_cook_region)	Training evidence: the frypan appears in original KITCHEN_SCENE3 as a distractor; no LIBERO-40 trajectory directly grasps it.		0	5	0.0	0
ANLGX_181	L4_libero10_frypan_stove_binding	Put the frypan on the stove at the Goal donor position.	libero_10	KITCHEN_SCENE3_turn_on_the_stove_and_put_the_moka_pot_on_it	turn on the stove and put the moka pot on it	on(chefmate_8_frypan_1, flat_stove_1_cook_region)	Training evidence: the frypan appears in original KITCHEN_SCENE3 as a distractor; no LIBERO-40 trajectory directly grasps it.		0	5	0.0	0
ANLGX_182	L4_libero10_frypan_stove_binding	Put the frypan on the stove at the Spatial donor position.	libero_10	KITCHEN_SCENE3_turn_on_the_stove_and_put_the_moka_pot_on_it	turn on the stove and put the moka pot on it	on(chefmate_8_frypan_1, flat_stove_1_cook_region)	Training evidence: the frypan appears in original KITCHEN_SCENE3 as a distractor; no LIBERO-40 trajectory directly grasps it.		0	5	0.0	0
ANLGX_183	L5_libero10_microwave_object_pose	Put the white mug in the microwave at the original Scene-6 position.	libero_10	KITCHEN_SCENE6_put_the_yellow_and_white_mug_in_the_microwave_and_close_it	put the yellow and white mug in the microwave and close it	in(porcelain_mug_1, microwave_1_heating_region)	Training evidence: direct mug grasp in original LIBERO-10 tasks.		3	5	60.0	3
ANLGX_184	L5_libero10_microwave_object_pose	Put the white mug in the microwave at the Scene-3 donor position.	libero_10	KITCHEN_SCENE6_put_the_yellow_and_white_mug_in_the_microwave_and_close_it	put the yellow and white mug in the microwave and close it	in(porcelain_mug_1, microwave_1_heating_region)	Training evidence: direct mug grasp in original LIBERO-10 tasks.		0	5	0.0	0
ANLGX_185	L5_libero10_microwave_object_pose	Put the white mug in the microwave at the Scene-8 donor position.	libero_10	KITCHEN_SCENE6_put_the_yellow_and_white_mug_in_the_microwave_and_close_it	put the yellow and white mug in the microwave and close it	in(porcelain_mug_1, microwave_1_heating_region)	Training evidence: direct mug grasp in original LIBERO-10 tasks.		0	5	0.0	0
