task_id	family	instruction	source_suite	source_task_id	source_task	original_instruction	goal_atom	evidence_notes	gpu	successes	episodes	success_rate_percent	success_videos	skill_source_ids	skill_source_instructions	scene_source_id	scene_source_instruction	object_source_ids	all_evidence_source_ids	review_status	cross_category_exact_overlaps	instruction_review_status	proposed_task_only_instruction
ADAPT_057	A2_spatial_context_drawer_action	Open the top drawer while the black bowl starts on top of the wooden cabinet.	libero_spatial	10	pick_up_the_black_bowl_on_the_wooden_cabinet_and_place_it_on_the_plate	Pick the akita black bowl on the wooden cabinet and place it on the plate	open(wooden_cabinet_1_top_region)		2	2	5	40.0	2	LIBERO_GOAL_04	Open the top layer of the drawer and put the bowl inside	LIBERO_SPATIAL_10	Pick the akita black bowl on the wooden cabinet and place it on the plate		LIBERO_GOAL_04,LIBERO_SPATIAL_10	ELIGIBLE		REWRITE_AND_REEVALUATE_IF_SELECTED	Open the top drawer.
ADAPT_068	A3_libero10_scene4_object_drawer	Put the black bowl in the middle drawer of the white cabinet in Scene 4.	libero_10	1	KITCHEN_SCENE4_put_the_black_bowl_in_the_bottom_drawer_of_the_cabinet_and_close_it	put the black bowl in the bottom drawer of the cabinet and close it	in(akita_black_bowl_1, white_cabinet_1_middle_region)		3	5	5	100.0	5	LIBERO_GOAL_04,LIBERO_GOAL_01	Open the top layer of the drawer and put the bowl inside || Open the middle layer of the drawer	LIBERO_10_04	put the black bowl in the bottom drawer of the cabinet and close it		LIBERO_GOAL_04,LIBERO_GOAL_01,LIBERO_10_04	ELIGIBLE	Older LiberoExReFinal60 exact BDDL: ula3_041__put_the_black_bowl_in_the_middle_drawer_of_the_cabinet	REWRITE_AND_REEVALUATE_IF_SELECTED	Put the black bowl in the middle drawer of the white cabinet.
ADAPT_075	A3_libero10_scene4_atomic_drawer_action	Close the top drawer of the white cabinet in the complete Scene 4 layout.	libero_10	108	KITCHEN_SCENE4_put_the_black_bowl_in_the_bottom_drawer_of_the_cabinet_and_close_it	put the black bowl in the bottom drawer of the cabinet and close it	close(white_cabinet_1_top_region)		2	5	5	100.0	5	LIBERO_10_04	put the black bowl in the bottom drawer of the cabinet and close it	LIBERO_10_04	put the black bowl in the bottom drawer of the cabinet and close it		LIBERO_10_04	ELIGIBLE	Older LiberoExReFinal60 exact BDDL: ula3_044__close_the_top_drawer_of_the_cabinet	REWRITE_AND_REEVALUATE_IF_SELECTED	Close the top drawer of the white cabinet.
ADAPT_076	A3_libero10_scene4_atomic_drawer_action	Close the middle drawer of the white cabinet in the complete Scene 4 layout.	libero_10	108	KITCHEN_SCENE4_put_the_black_bowl_in_the_bottom_drawer_of_the_cabinet_and_close_it	put the black bowl in the bottom drawer of the cabinet and close it	close(white_cabinet_1_middle_region)		3	3	5	60.0	3	LIBERO_10_04	put the black bowl in the bottom drawer of the cabinet and close it	LIBERO_10_04	put the black bowl in the bottom drawer of the cabinet and close it		LIBERO_10_04	ELIGIBLE	Older LiberoExReFinal60 exact BDDL: ula3_042__close_the_middle_drawer_of_the_cabinet	REWRITE_AND_REEVALUATE_IF_SELECTED	Close the middle drawer of the white cabinet.
ADAPT_077	A3_libero10_scene4_atomic_drawer_action	Close the bottom drawer of the white cabinet in the complete Scene 4 layout.	libero_10	108	KITCHEN_SCENE4_put_the_black_bowl_in_the_bottom_drawer_of_the_cabinet_and_close_it	put the black bowl in the bottom drawer of the cabinet and close it	close(white_cabinet_1_bottom_region)	Previously defined in the 185-task screen as ANLGX_175; rerun here for the unified Adapt screen.	2	1	5	20.0	1	LIBERO_10_04	put the black bowl in the bottom drawer of the cabinet and close it	LIBERO_10_04	put the black bowl in the bottom drawer of the cabinet and close it		LIBERO_10_04	EXCLUDE_EXACT_DECOMPOSITION_OVERLAP	Final Decomposition20 exact BDDL: tdl10_016__close_the_bottom_drawer_of_the_cabinet || Older LiberoExReFinal60 exact BDDL: tdl10_016__close_the_bottom_drawer_of_the_cabinet || Original LIBERO-40 strict-goal-subset category: KITCHEN_SCENE4_put_the_black_bowl_in_the_bottom_drawer_of_the_cabinet_and_close_it	REWRITE_AND_REEVALUATE_IF_SELECTED	Close the bottom drawer of the white cabinet.
ADAPT_088	A4_libero10_scene5_front_plate_binding	Put the alphabet soup on the right front plate.	libero_10	301	LIVING_ROOM_SCENE5_put_the_white_mug_on_the_left_plate_and_put_the_yellow_and_white_mug_on_the_right_plate	put the white mug on the left plate and put the yellow and white mug on the right plate	on(alphabet_soup_1, plate_2)	Only a demonstrated corridor blocker is removed; unrelated objects remain. | Grasp evidence source ID: 301.	3	4	5	80.0	4	LIBERO_10_05,LIBERO_10_07	put the white mug on the left plate and put the yellow and white mug on the right plate || put the white mug on the plate and put the chocolate pudding to the right of the plate	LIBERO_10_05	put the white mug on the left plate and put the yellow and white mug on the right plate	LIBERO_OBJECT_01	LIBERO_10_05,LIBERO_10_07,LIBERO_OBJECT_01	ELIGIBLE		PASS	Put the alphabet soup on the right front plate.
ADAPT_089	A4_libero10_scene5_front_plate_binding	Put the cream cheese on the left front plate.	libero_10	302	LIVING_ROOM_SCENE5_put_the_white_mug_on_the_left_plate_and_put_the_yellow_and_white_mug_on_the_right_plate	put the white mug on the left plate and put the yellow and white mug on the right plate	on(cream_cheese_1, plate_1)	Only a demonstrated corridor blocker is removed; unrelated objects remain. | Grasp evidence source ID: 302.	2	5	5	100.0	5	LIBERO_10_05,LIBERO_10_07	put the white mug on the left plate and put the yellow and white mug on the right plate || put the white mug on the plate and put the chocolate pudding to the right of the plate	LIBERO_10_05	put the white mug on the left plate and put the yellow and white mug on the right plate	LIBERO_OBJECT_02	LIBERO_10_05,LIBERO_10_07,LIBERO_OBJECT_02	ELIGIBLE		PASS	Put the cream cheese on the left front plate.
ADAPT_090	A4_libero10_scene5_front_plate_binding	Put the cream cheese on the right front plate.	libero_10	302	LIVING_ROOM_SCENE5_put_the_white_mug_on_the_left_plate_and_put_the_yellow_and_white_mug_on_the_right_plate	put the white mug on the left plate and put the yellow and white mug on the right plate	on(cream_cheese_1, plate_2)	Only a demonstrated corridor blocker is removed; unrelated objects remain. | Grasp evidence source ID: 302.	3	4	5	80.0	4	LIBERO_10_05,LIBERO_10_07	put the white mug on the left plate and put the yellow and white mug on the right plate || put the white mug on the plate and put the chocolate pudding to the right of the plate	LIBERO_10_05	put the white mug on the left plate and put the yellow and white mug on the right plate	LIBERO_OBJECT_02	LIBERO_10_05,LIBERO_10_07,LIBERO_OBJECT_02	ELIGIBLE		PASS	Put the cream cheese on the right front plate.
ADAPT_093	A4_libero10_scene5_front_plate_binding	Put the bbq sauce on the left front plate.	libero_10	304	LIVING_ROOM_SCENE5_put_the_white_mug_on_the_left_plate_and_put_the_yellow_and_white_mug_on_the_right_plate	put the white mug on the left plate and put the yellow and white mug on the right plate	on(bbq_sauce_1, plate_1)	Only a demonstrated corridor blocker is removed; unrelated objects remain. | Grasp evidence source ID: 304.	2	3	5	60.0	3	LIBERO_10_05,LIBERO_10_07	put the white mug on the left plate and put the yellow and white mug on the right plate || put the white mug on the plate and put the chocolate pudding to the right of the plate	LIBERO_10_05	put the white mug on the left plate and put the yellow and white mug on the right plate	LIBERO_OBJECT_04	LIBERO_10_05,LIBERO_10_07,LIBERO_OBJECT_04	ELIGIBLE		PASS	Put the bbq sauce on the left front plate.
ADAPT_094	A4_libero10_scene5_front_plate_binding	Put the bbq sauce on the right front plate.	libero_10	304	LIVING_ROOM_SCENE5_put_the_white_mug_on_the_left_plate_and_put_the_yellow_and_white_mug_on_the_right_plate	put the white mug on the left plate and put the yellow and white mug on the right plate	on(bbq_sauce_1, plate_2)	Only a demonstrated corridor blocker is removed; unrelated objects remain. | Grasp evidence source ID: 304.	3	1	5	20.0	1	LIBERO_10_05,LIBERO_10_07	put the white mug on the left plate and put the yellow and white mug on the right plate || put the white mug on the plate and put the chocolate pudding to the right of the plate	LIBERO_10_05	put the white mug on the left plate and put the yellow and white mug on the right plate	LIBERO_OBJECT_04	LIBERO_10_05,LIBERO_10_07,LIBERO_OBJECT_04	ELIGIBLE		PASS	Put the bbq sauce on the right front plate.
ADAPT_097	A4_libero10_scene5_front_plate_binding	Put the tomato sauce on the left front plate.	libero_10	306	LIVING_ROOM_SCENE5_put_the_white_mug_on_the_left_plate_and_put_the_yellow_and_white_mug_on_the_right_plate	put the white mug on the left plate and put the yellow and white mug on the right plate	on(tomato_sauce_1, plate_1)	Only a demonstrated corridor blocker is removed; unrelated objects remain. | Grasp evidence source ID: 306.	2	1	5	20.0	1	LIBERO_10_05,LIBERO_10_07	put the white mug on the left plate and put the yellow and white mug on the right plate || put the white mug on the plate and put the chocolate pudding to the right of the plate	LIBERO_10_05	put the white mug on the left plate and put the yellow and white mug on the right plate	LIBERO_OBJECT_06	LIBERO_10_05,LIBERO_10_07,LIBERO_OBJECT_06	ELIGIBLE		PASS	Put the tomato sauce on the left front plate.
ADAPT_098	A4_libero10_scene5_front_plate_binding	Put the tomato sauce on the right front plate.	libero_10	306	LIVING_ROOM_SCENE5_put_the_white_mug_on_the_left_plate_and_put_the_yellow_and_white_mug_on_the_right_plate	put the white mug on the left plate and put the yellow and white mug on the right plate	on(tomato_sauce_1, plate_2)	Only a demonstrated corridor blocker is removed; unrelated objects remain. | Grasp evidence source ID: 306.	3	3	5	60.0	3	LIBERO_10_05,LIBERO_10_07	put the white mug on the left plate and put the yellow and white mug on the right plate || put the white mug on the plate and put the chocolate pudding to the right of the plate	LIBERO_10_05	put the white mug on the left plate and put the yellow and white mug on the right plate	LIBERO_OBJECT_06	LIBERO_10_05,LIBERO_10_07,LIBERO_OBJECT_06	ELIGIBLE		PASS	Put the tomato sauce on the right front plate.
ADAPT_099	A4_libero10_scene5_front_plate_binding	Put the butter on the left front plate.	libero_10	307	LIVING_ROOM_SCENE5_put_the_white_mug_on_the_left_plate_and_put_the_yellow_and_white_mug_on_the_right_plate	put the white mug on the left plate and put the yellow and white mug on the right plate	on(butter_1, plate_1)	Only a demonstrated corridor blocker is removed; unrelated objects remain. | Grasp evidence source ID: 307.	2	1	5	20.0	1	LIBERO_10_05,LIBERO_10_07	put the white mug on the left plate and put the yellow and white mug on the right plate || put the white mug on the plate and put the chocolate pudding to the right of the plate	LIBERO_10_05	put the white mug on the left plate and put the yellow and white mug on the right plate	LIBERO_OBJECT_07	LIBERO_10_05,LIBERO_10_07,LIBERO_OBJECT_07	ELIGIBLE		PASS	Put the butter on the left front plate.
ADAPT_100	A4_libero10_scene5_front_plate_binding	Put the butter on the right front plate.	libero_10	307	LIVING_ROOM_SCENE5_put_the_white_mug_on_the_left_plate_and_put_the_yellow_and_white_mug_on_the_right_plate	put the white mug on the left plate and put the yellow and white mug on the right plate	on(butter_1, plate_2)	Only a demonstrated corridor blocker is removed; unrelated objects remain. | Grasp evidence source ID: 307.	3	3	5	60.0	3	LIBERO_10_05,LIBERO_10_07	put the white mug on the left plate and put the yellow and white mug on the right plate || put the white mug on the plate and put the chocolate pudding to the right of the plate	LIBERO_10_05	put the white mug on the left plate and put the yellow and white mug on the right plate	LIBERO_OBJECT_07	LIBERO_10_05,LIBERO_10_07,LIBERO_OBJECT_07	ELIGIBLE		PASS	Put the butter on the right front plate.
ADAPT_101	A4_libero10_scene5_front_plate_binding	Put the milk on the left front plate.	libero_10	308	LIVING_ROOM_SCENE5_put_the_white_mug_on_the_left_plate_and_put_the_yellow_and_white_mug_on_the_right_plate	put the white mug on the left plate and put the yellow and white mug on the right plate	on(milk_1, plate_1)	Only a demonstrated corridor blocker is removed; unrelated objects remain. | Grasp evidence source ID: 308.	2	4	5	80.0	4	LIBERO_10_05,LIBERO_10_07	put the white mug on the left plate and put the yellow and white mug on the right plate || put the white mug on the plate and put the chocolate pudding to the right of the plate	LIBERO_10_05	put the white mug on the left plate and put the yellow and white mug on the right plate	LIBERO_OBJECT_08	LIBERO_10_05,LIBERO_10_07,LIBERO_OBJECT_08	ELIGIBLE		PASS	Put the milk on the left front plate.
ADAPT_102	A4_libero10_scene5_front_plate_binding	Put the milk on the right front plate.	libero_10	308	LIVING_ROOM_SCENE5_put_the_white_mug_on_the_left_plate_and_put_the_yellow_and_white_mug_on_the_right_plate	put the white mug on the left plate and put the yellow and white mug on the right plate	on(milk_1, plate_2)	Only a demonstrated corridor blocker is removed; unrelated objects remain. | Grasp evidence source ID: 308.	3	1	5	20.0	1	LIBERO_10_05,LIBERO_10_07	put the white mug on the left plate and put the yellow and white mug on the right plate || put the white mug on the plate and put the chocolate pudding to the right of the plate	LIBERO_10_05	put the white mug on the left plate and put the yellow and white mug on the right plate	LIBERO_OBJECT_08	LIBERO_10_05,LIBERO_10_07,LIBERO_OBJECT_08	ELIGIBLE		PASS	Put the milk on the right front plate.
ADAPT_103	A4_libero10_scene5_front_plate_binding	Put the chocolate pudding on the left front plate.	libero_10	309	LIVING_ROOM_SCENE5_put_the_white_mug_on_the_left_plate_and_put_the_yellow_and_white_mug_on_the_right_plate	put the white mug on the left plate and put the yellow and white mug on the right plate	on(chocolate_pudding_1, plate_1)	Only a demonstrated corridor blocker is removed; unrelated objects remain. | Grasp evidence source ID: 309.	2	3	5	60.0	3	LIBERO_10_05,LIBERO_10_07	put the white mug on the left plate and put the yellow and white mug on the right plate || put the white mug on the plate and put the chocolate pudding to the right of the plate	LIBERO_10_05	put the white mug on the left plate and put the yellow and white mug on the right plate		LIBERO_10_05,LIBERO_10_07	ELIGIBLE		PASS	Put the chocolate pudding on the left front plate.
ADAPT_104	A4_libero10_scene5_front_plate_binding	Put the chocolate pudding on the right front plate.	libero_10	309	LIVING_ROOM_SCENE5_put_the_white_mug_on_the_left_plate_and_put_the_yellow_and_white_mug_on_the_right_plate	put the white mug on the left plate and put the yellow and white mug on the right plate	on(chocolate_pudding_1, plate_2)	Only a demonstrated corridor blocker is removed; unrelated objects remain. | Grasp evidence source ID: 309.	3	4	5	80.0	4	LIBERO_10_05,LIBERO_10_07	put the white mug on the left plate and put the yellow and white mug on the right plate || put the white mug on the plate and put the chocolate pudding to the right of the plate	LIBERO_10_05	put the white mug on the left plate and put the yellow and white mug on the right plate		LIBERO_10_05,LIBERO_10_07	ELIGIBLE		PASS	Put the chocolate pudding on the right front plate.
ADAPT_108	A4_libero10_scene5_front_plate_binding	Put the white mug on the right front plate.	libero_10	104	LIVING_ROOM_SCENE5_put_the_white_mug_on_the_left_plate_and_put_the_yellow_and_white_mug_on_the_right_plate	put the white mug on the left plate and put the yellow and white mug on the right plate	on(porcelain_mug_1, plate_2)	Only a demonstrated corridor blocker is removed; unrelated objects remain. | Grasp evidence source ID: 104.	3	5	5	100.0	5	LIBERO_10_05,LIBERO_10_07	put the white mug on the left plate and put the yellow and white mug on the right plate || put the white mug on the plate and put the chocolate pudding to the right of the plate	LIBERO_10_05	put the white mug on the left plate and put the yellow and white mug on the right plate		LIBERO_10_05,LIBERO_10_07	ELIGIBLE		PASS	Put the white mug on the right front plate.
ADAPT_110	A4_libero10_scene5_front_plate_binding	Put the yellow and white mug on the right front plate.	libero_10	104	LIVING_ROOM_SCENE5_put_the_white_mug_on_the_left_plate_and_put_the_yellow_and_white_mug_on_the_right_plate	put the white mug on the left plate and put the yellow and white mug on the right plate	on(white_yellow_mug_1, plate_2)	Only a demonstrated corridor blocker is removed; unrelated objects remain. | Grasp evidence source ID: 104.	3	5	5	100.0	5	LIBERO_10_05,LIBERO_10_07	put the white mug on the left plate and put the yellow and white mug on the right plate || put the white mug on the plate and put the chocolate pudding to the right of the plate	LIBERO_10_05	put the white mug on the left plate and put the yellow and white mug on the right plate		LIBERO_10_05,LIBERO_10_07	ELIGIBLE		PASS	Put the yellow and white mug on the right front plate.
ADAPT_112	A4_libero10_scene5_front_plate_binding	Put the red mug on the right front plate.	libero_10	104	LIVING_ROOM_SCENE5_put_the_white_mug_on_the_left_plate_and_put_the_yellow_and_white_mug_on_the_right_plate	put the white mug on the left plate and put the yellow and white mug on the right plate	on(red_coffee_mug_1, plate_2)	Only a demonstrated corridor blocker is removed; unrelated objects remain. | Grasp evidence source ID: 104.	3	4	5	80.0	4	LIBERO_10_05,LIBERO_10_07	put the white mug on the left plate and put the yellow and white mug on the right plate || put the white mug on the plate and put the chocolate pudding to the right of the plate	LIBERO_10_05	put the white mug on the left plate and put the yellow and white mug on the right plate		LIBERO_10_05,LIBERO_10_07	MANUAL_REVIEW_TRAINING_EVIDENCE		PASS	Put the red mug on the right front plate.
ADAPT_113	A5_libero10_caddy_object_compartment	Put the alphabet soup in the back compartment of the caddy.	libero_10	301	STUDY_SCENE1_pick_up_the_book_and_place_it_in_the_back_compartment_of_the_caddy	pick up the book and place it in the back compartment of the caddy	in(alphabet_soup_1, desk_caddy_1_back_contain_region)	Direct grasp evidence source ID: 301. | The object is known to fit the caddy aperture; milk and cream-cheese packages are excluded by the prior aperture gate.	2	2	5	40.0	2	LIBERO_10_06	pick up the book and place it in the back compartment of the caddy	LIBERO_10_06	pick up the book and place it in the back compartment of the caddy	LIBERO_OBJECT_01	LIBERO_10_06,LIBERO_OBJECT_01	ELIGIBLE		PASS	Put the alphabet soup in the back compartment of the caddy.
ADAPT_117	A5_libero10_caddy_object_compartment	Put the salad dressing in the back compartment of the caddy.	libero_10	303	STUDY_SCENE1_pick_up_the_book_and_place_it_in_the_back_compartment_of_the_caddy	pick up the book and place it in the back compartment of the caddy	in(salad_dressing_1, desk_caddy_1_back_contain_region)	Direct grasp evidence source ID: 303. | The object is known to fit the caddy aperture; milk and cream-cheese packages are excluded by the prior aperture gate.	2	4	5	80.0	4	LIBERO_10_06	pick up the book and place it in the back compartment of the caddy	LIBERO_10_06	pick up the book and place it in the back compartment of the caddy	LIBERO_OBJECT_03	LIBERO_10_06,LIBERO_OBJECT_03	ELIGIBLE		PASS	Put the salad dressing in the back compartment of the caddy.
ADAPT_119	A5_libero10_caddy_object_compartment	Put the salad dressing in the left compartment of the caddy.	libero_10	303	STUDY_SCENE1_pick_up_the_book_and_place_it_in_the_back_compartment_of_the_caddy	pick up the book and place it in the back compartment of the caddy	in(salad_dressing_1, desk_caddy_1_left_contain_region)	Direct grasp evidence source ID: 303. | The object is known to fit the caddy aperture; milk and cream-cheese packages are excluded by the prior aperture gate.	2	2	5	40.0	2	LIBERO_10_06	pick up the book and place it in the back compartment of the caddy	LIBERO_10_06	pick up the book and place it in the back compartment of the caddy	LIBERO_OBJECT_03	LIBERO_10_06,LIBERO_OBJECT_03	ELIGIBLE		PASS	Put the salad dressing in the left compartment of the caddy.
ADAPT_121	A5_libero10_caddy_object_compartment	Put the bbq sauce in the back compartment of the caddy.	libero_10	304	STUDY_SCENE1_pick_up_the_book_and_place_it_in_the_back_compartment_of_the_caddy	pick up the book and place it in the back compartment of the caddy	in(bbq_sauce_1, desk_caddy_1_back_contain_region)	Direct grasp evidence source ID: 304. | The object is known to fit the caddy aperture; milk and cream-cheese packages are excluded by the prior aperture gate.	2	5	5	100.0	5	LIBERO_10_06	pick up the book and place it in the back compartment of the caddy	LIBERO_10_06	pick up the book and place it in the back compartment of the caddy	LIBERO_OBJECT_04	LIBERO_10_06,LIBERO_OBJECT_04	ELIGIBLE		PASS	Put the bbq sauce in the back compartment of the caddy.
ADAPT_125	A5_libero10_caddy_object_compartment	Put the ketchup in the back compartment of the caddy.	libero_10	305	STUDY_SCENE1_pick_up_the_book_and_place_it_in_the_back_compartment_of_the_caddy	pick up the book and place it in the back compartment of the caddy	in(ketchup_1, desk_caddy_1_back_contain_region)	Direct grasp evidence source ID: 305. | The object is known to fit the caddy aperture; milk and cream-cheese packages are excluded by the prior aperture gate.	2	3	5	60.0	3	LIBERO_10_06	pick up the book and place it in the back compartment of the caddy	LIBERO_10_06	pick up the book and place it in the back compartment of the caddy	LIBERO_OBJECT_05	LIBERO_10_06,LIBERO_OBJECT_05	ELIGIBLE		PASS	Put the ketchup in the back compartment of the caddy.
ADAPT_129	A5_libero10_caddy_object_compartment	Put the tomato sauce in the back compartment of the caddy.	libero_10	306	STUDY_SCENE1_pick_up_the_book_and_place_it_in_the_back_compartment_of_the_caddy	pick up the book and place it in the back compartment of the caddy	in(tomato_sauce_1, desk_caddy_1_back_contain_region)	Direct grasp evidence source ID: 306. | The object is known to fit the caddy aperture; milk and cream-cheese packages are excluded by the prior aperture gate.	2	2	5	40.0	2	LIBERO_10_06	pick up the book and place it in the back compartment of the caddy	LIBERO_10_06	pick up the book and place it in the back compartment of the caddy	LIBERO_OBJECT_06	LIBERO_10_06,LIBERO_OBJECT_06	ELIGIBLE		PASS	Put the tomato sauce in the back compartment of the caddy.
ADAPT_141	A5_libero10_caddy_object_compartment	Put the orange juice in the back compartment of the caddy.	libero_10	310	STUDY_SCENE1_pick_up_the_book_and_place_it_in_the_back_compartment_of_the_caddy	pick up the book and place it in the back compartment of the caddy	in(orange_juice_1, desk_caddy_1_back_contain_region)	Direct grasp evidence source ID: 310. | The object is known to fit the caddy aperture; milk and cream-cheese packages are excluded by the prior aperture gate.	2	3	5	60.0	3	LIBERO_10_06	pick up the book and place it in the back compartment of the caddy	LIBERO_10_06	pick up the book and place it in the back compartment of the caddy	LIBERO_OBJECT_10	LIBERO_10_06,LIBERO_OBJECT_10	ELIGIBLE		PASS	Put the orange juice in the back compartment of the caddy.
ADAPT_148	A5_libero10_caddy_object_compartment	Put the white mug in the back compartment of the caddy.	libero_10	104	STUDY_SCENE1_pick_up_the_book_and_place_it_in_the_back_compartment_of_the_caddy	pick up the book and place it in the back compartment of the caddy	in(porcelain_mug_1, desk_caddy_1_back_contain_region)	Direct grasp evidence source ID: 104. | The object is known to fit the caddy aperture; milk and cream-cheese packages are excluded by the prior aperture gate.	3	3	5	60.0	3	LIBERO_10_06	pick up the book and place it in the back compartment of the caddy	LIBERO_10_06	pick up the book and place it in the back compartment of the caddy	LIBERO_10_05	LIBERO_10_06,LIBERO_10_05	ELIGIBLE		PASS	Put the white mug in the back compartment of the caddy.
ADAPT_150	A5_libero10_caddy_object_compartment	Put the white mug in the left compartment of the caddy.	libero_10	104	STUDY_SCENE1_pick_up_the_book_and_place_it_in_the_back_compartment_of_the_caddy	pick up the book and place it in the back compartment of the caddy	in(porcelain_mug_1, desk_caddy_1_left_contain_region)	Direct grasp evidence source ID: 104. | The object is known to fit the caddy aperture; milk and cream-cheese packages are excluded by the prior aperture gate.	3	1	5	20.0	1	LIBERO_10_06	pick up the book and place it in the back compartment of the caddy	LIBERO_10_06	pick up the book and place it in the back compartment of the caddy	LIBERO_10_05	LIBERO_10_06,LIBERO_10_05	ELIGIBLE		PASS	Put the white mug in the left compartment of the caddy.
ADAPT_152	A5_libero10_caddy_object_compartment	Put the yellow and white mug in the back compartment of the caddy.	libero_10	104	STUDY_SCENE1_pick_up_the_book_and_place_it_in_the_back_compartment_of_the_caddy	pick up the book and place it in the back compartment of the caddy	in(white_yellow_mug_1, desk_caddy_1_back_contain_region)	Direct grasp evidence source ID: 104. | The object is known to fit the caddy aperture; milk and cream-cheese packages are excluded by the prior aperture gate. | Previously defined in the 185-task screen as ANLGX_176; rerun here for the unified Adapt screen.	3	1	5	20.0	1	LIBERO_10_06	pick up the book and place it in the back compartment of the caddy	LIBERO_10_06	pick up the book and place it in the back compartment of the caddy	LIBERO_10_05	LIBERO_10_06,LIBERO_10_05	ELIGIBLE		PASS	Put the yellow and white mug in the back compartment of the caddy.
ADAPT_156	A6_libero10_scene6_relative_region	Put the alphabet soup to the right of the plate.	libero_10	301	LIVING_ROOM_SCENE6_put_the_white_mug_on_the_plate_and_put_the_chocolate_pudding_to_the_right_of_the_plate	put the white mug on the plate and put the chocolate pudding to the right of the plate	on(alphabet_soup_1, living_room_table_plate_right_region)	The destination mask is projected from the current BDDL region; it is not a source-image mask.	3	3	5	60.0	3	LIBERO_10_07	put the white mug on the plate and put the chocolate pudding to the right of the plate	LIBERO_10_07	put the white mug on the plate and put the chocolate pudding to the right of the plate	LIBERO_OBJECT_01	LIBERO_10_07,LIBERO_OBJECT_01	ELIGIBLE		PASS	Put the alphabet soup to the right of the plate.
ADAPT_158	A6_libero10_scene6_relative_region	Put the cream cheese to the right of the plate.	libero_10	302	LIVING_ROOM_SCENE6_put_the_white_mug_on_the_plate_and_put_the_chocolate_pudding_to_the_right_of_the_plate	put the white mug on the plate and put the chocolate pudding to the right of the plate	on(cream_cheese_1, living_room_table_plate_right_region)	The destination mask is projected from the current BDDL region; it is not a source-image mask.	3	4	5	80.0	4	LIBERO_10_07	put the white mug on the plate and put the chocolate pudding to the right of the plate	LIBERO_10_07	put the white mug on the plate and put the chocolate pudding to the right of the plate	LIBERO_OBJECT_02	LIBERO_10_07,LIBERO_OBJECT_02	ELIGIBLE		PASS	Put the cream cheese to the right of the plate.
ADAPT_162	A6_libero10_scene6_relative_region	Put the bbq sauce to the right of the plate.	libero_10	304	LIVING_ROOM_SCENE6_put_the_white_mug_on_the_plate_and_put_the_chocolate_pudding_to_the_right_of_the_plate	put the white mug on the plate and put the chocolate pudding to the right of the plate	on(bbq_sauce_1, living_room_table_plate_right_region)	The destination mask is projected from the current BDDL region; it is not a source-image mask.	3	3	5	60.0	3	LIBERO_10_07	put the white mug on the plate and put the chocolate pudding to the right of the plate	LIBERO_10_07	put the white mug on the plate and put the chocolate pudding to the right of the plate	LIBERO_OBJECT_04	LIBERO_10_07,LIBERO_OBJECT_04	ELIGIBLE		PASS	Put the bbq sauce to the right of the plate.
ADAPT_164	A6_libero10_scene6_relative_region	Put the ketchup to the right of the plate.	libero_10	305	LIVING_ROOM_SCENE6_put_the_white_mug_on_the_plate_and_put_the_chocolate_pudding_to_the_right_of_the_plate	put the white mug on the plate and put the chocolate pudding to the right of the plate	on(ketchup_1, living_room_table_plate_right_region)	The destination mask is projected from the current BDDL region; it is not a source-image mask.	3	1	5	20.0	1	LIBERO_10_07	put the white mug on the plate and put the chocolate pudding to the right of the plate	LIBERO_10_07	put the white mug on the plate and put the chocolate pudding to the right of the plate	LIBERO_OBJECT_05	LIBERO_10_07,LIBERO_OBJECT_05	ELIGIBLE		PASS	Put the ketchup to the right of the plate.
ADAPT_166	A6_libero10_scene6_relative_region	Put the tomato sauce to the right of the plate.	libero_10	306	LIVING_ROOM_SCENE6_put_the_white_mug_on_the_plate_and_put_the_chocolate_pudding_to_the_right_of_the_plate	put the white mug on the plate and put the chocolate pudding to the right of the plate	on(tomato_sauce_1, living_room_table_plate_right_region)	The destination mask is projected from the current BDDL region; it is not a source-image mask.	3	2	5	40.0	2	LIBERO_10_07	put the white mug on the plate and put the chocolate pudding to the right of the plate	LIBERO_10_07	put the white mug on the plate and put the chocolate pudding to the right of the plate	LIBERO_OBJECT_06	LIBERO_10_07,LIBERO_OBJECT_06	ELIGIBLE		PASS	Put the tomato sauce to the right of the plate.
ADAPT_168	A6_libero10_scene6_relative_region	Put the butter to the right of the plate.	libero_10	307	LIVING_ROOM_SCENE6_put_the_white_mug_on_the_plate_and_put_the_chocolate_pudding_to_the_right_of_the_plate	put the white mug on the plate and put the chocolate pudding to the right of the plate	on(butter_1, living_room_table_plate_right_region)	The destination mask is projected from the current BDDL region; it is not a source-image mask.	3	5	5	100.0	5	LIBERO_10_07	put the white mug on the plate and put the chocolate pudding to the right of the plate	LIBERO_10_07	put the white mug on the plate and put the chocolate pudding to the right of the plate	LIBERO_OBJECT_07	LIBERO_10_07,LIBERO_OBJECT_07	ELIGIBLE		PASS	Put the butter to the right of the plate.
ADAPT_172	A6_libero10_scene6_relative_region	Put the chocolate pudding to the right of the plate.	libero_10	309	LIVING_ROOM_SCENE6_put_the_white_mug_on_the_plate_and_put_the_chocolate_pudding_to_the_right_of_the_plate	put the white mug on the plate and put the chocolate pudding to the right of the plate	on(chocolate_pudding_1, living_room_table_plate_right_region)	The destination mask is projected from the current BDDL region; it is not a source-image mask.	3	5	5	100.0	5	LIBERO_10_07	put the white mug on the plate and put the chocolate pudding to the right of the plate	LIBERO_10_07	put the white mug on the plate and put the chocolate pudding to the right of the plate		LIBERO_10_07	EXCLUDE_EXACT_DECOMPOSITION_OVERLAP	Final Decomposition20 exact BDDL: tdl10_004__put_the_chocolate_pudding_to_the_right_of_the_plate || Older LiberoExReFinal60 exact BDDL: tdl10_004__put_the_chocolate_pudding_to_the_right_of_the_plate || Original LIBERO-40 strict-goal-subset category: LIVING_ROOM_SCENE6_put_the_white_mug_on_the_plate_and_put_the_chocolate_pudding_to_the_right_of_the_plate	PASS	Put the chocolate pudding to the right of the plate.
ADAPT_174	A6_libero10_scene6_relative_region	Put the orange juice to the right of the plate.	libero_10	310	LIVING_ROOM_SCENE6_put_the_white_mug_on_the_plate_and_put_the_chocolate_pudding_to_the_right_of_the_plate	put the white mug on the plate and put the chocolate pudding to the right of the plate	on(orange_juice_1, living_room_table_plate_right_region)	The destination mask is projected from the current BDDL region; it is not a source-image mask.	3	3	5	60.0	3	LIBERO_10_07	put the white mug on the plate and put the chocolate pudding to the right of the plate	LIBERO_10_07	put the white mug on the plate and put the chocolate pudding to the right of the plate	LIBERO_OBJECT_10	LIBERO_10_07,LIBERO_OBJECT_10	ELIGIBLE		PASS	Put the orange juice to the right of the plate.
ADAPT_176	A6_libero10_scene6_relative_region	Put the white mug to the right of the plate.	libero_10	104	LIVING_ROOM_SCENE6_put_the_white_mug_on_the_plate_and_put_the_chocolate_pudding_to_the_right_of_the_plate	put the white mug on the plate and put the chocolate pudding to the right of the plate	on(porcelain_mug_1, living_room_table_plate_right_region)	The destination mask is projected from the current BDDL region; it is not a source-image mask.	3	1	5	20.0	1	LIBERO_10_07	put the white mug on the plate and put the chocolate pudding to the right of the plate	LIBERO_10_07	put the white mug on the plate and put the chocolate pudding to the right of the plate		LIBERO_10_07	ELIGIBLE		PASS	Put the white mug to the right of the plate.
ADAPT_178	A6_libero10_scene6_relative_region	Put the yellow and white mug to the right of the plate.	libero_10	104	LIVING_ROOM_SCENE6_put_the_white_mug_on_the_plate_and_put_the_chocolate_pudding_to_the_right_of_the_plate	put the white mug on the plate and put the chocolate pudding to the right of the plate	on(white_yellow_mug_1, living_room_table_plate_right_region)	The destination mask is projected from the current BDDL region; it is not a source-image mask.	3	4	5	80.0	4	LIBERO_10_07	put the white mug on the plate and put the chocolate pudding to the right of the plate	LIBERO_10_07	put the white mug on the plate and put the chocolate pudding to the right of the plate	LIBERO_10_05	LIBERO_10_07,LIBERO_10_05	ELIGIBLE		PASS	Put the yellow and white mug to the right of the plate.
ADAPT_179	A7_libero10_scene8_stove_control	Turn on the stove in the two-moka-pot LIBERO-10 layout.	libero_10	7	KITCHEN_SCENE8_put_both_moka_pots_on_the_stove	put both moka pots on the stove	turnon(flat_stove_1)	The exact current-simulator GT mask contains only the stove knob.	2	1	5	20.0	1	LIBERO_GOAL_08	Turn on the stove	LIBERO_10_09	put both moka pots on the stove		LIBERO_GOAL_08,LIBERO_10_09	ELIGIBLE		REWRITE_AND_REEVALUATE_IF_SELECTED	Turn on the stove.
