task_id	intervention	duplicate_count	expected	duplicate_paths
COMPOSEOBJ_001	milk_first_temporal	1	true	LIBERO_EX_ICRA27/LiberoComposition/tasks/comp_207__put_the_alphabet_soup_the_butter_and_the_milk_in_the_basket_one_after_another/task.bddl
COMPOSEOBJ_002	milk_first_temporal	1	true	LIBERO_EX_ICRA27/LiberoComposition/tasks/comp_211__put_the_alphabet_soup_the_cream_cheese_box_and_the_milk_in_the_basket_one_after_another/task.bddl
COMPOSEOBJ_003	milk_first_temporal	1	true	LIBERO_EX_ICRA27/LiberoComposition/tasks/comp_214__put_the_alphabet_soup_the_ketchup_and_the_milk_in_the_basket_one_after_another/task.bddl
COMPOSEOBJ_004	milk_first_temporal	1	true	LIBERO_EX_ICRA27/LiberoComposition/tasks/comp_217__put_the_alphabet_soup_the_milk_and_the_orange_juice_in_the_basket_one_after_another/task.bddl
COMPOSEOBJ_005	milk_first_temporal	1	true	LIBERO_EX_ICRA27/LiberoComposition/tasks/comp_218__put_the_alphabet_soup_the_milk_and_the_tomato_sauce_in_the_basket_one_after_another/task.bddl
COMPOSEOBJ_006	milk_first_temporal	1	true	LIBERO_EX_ICRA27/LiberoComposition/tasks/comp_221__put_the_butter_the_cream_cheese_box_and_the_milk_in_the_basket_one_after_another/task.bddl
COMPOSEOBJ_007	milk_first_temporal	1	true	LIBERO_EX_ICRA27/LiberoComposition/tasks/comp_224__put_the_butter_the_ketchup_and_the_milk_in_the_basket_one_after_another/task.bddl
COMPOSEOBJ_008	milk_first_temporal	1	true	LIBERO_EX_ICRA27/LiberoComposition/tasks/comp_227__put_the_butter_the_milk_and_the_orange_juice_in_the_basket_one_after_another/task.bddl
COMPOSEOBJ_009	milk_first_temporal	1	true	LIBERO_EX_ICRA27/LiberoComposition/tasks/comp_228__put_the_butter_the_milk_and_the_tomato_sauce_in_the_basket_one_after_another/task.bddl
COMPOSEOBJ_010	milk_first_temporal	1	true	LIBERO_EX_ICRA27/LiberoComposition/tasks/comp_230__put_the_cream_cheese_box_the_ketchup_and_the_milk_in_the_basket_one_after_another/task.bddl
COMPOSEOBJ_011	milk_first_temporal	1	true	LIBERO_EX_ICRA27/LiberoComposition/tasks/comp_233__put_the_cream_cheese_box_the_milk_and_the_orange_juice_in_the_basket_one_after_another/task.bddl
COMPOSEOBJ_012	milk_first_temporal	1	true	LIBERO_EX_ICRA27/LiberoComposition/tasks/comp_234__put_the_cream_cheese_box_the_milk_and_the_tomato_sauce_in_the_basket_one_after_another/task.bddl
COMPOSEOBJ_013	milk_first_temporal	1	true	LIBERO_EX_ICRA27/LiberoComposition/tasks/comp_236__put_the_ketchup_the_milk_and_the_orange_juice_in_the_basket_one_after_another/task.bddl
COMPOSEOBJ_014	milk_first_temporal	1	true	LIBERO_EX_ICRA27/LiberoComposition/tasks/comp_237__put_the_ketchup_the_milk_and_the_tomato_sauce_in_the_basket_one_after_another/task.bddl
COMPOSEOBJ_015	milk_first_temporal	1	true	LIBERO_EX_ICRA27/LiberoComposition/tasks/comp_239__put_the_milk_the_orange_juice_and_the_tomato_sauce_in_the_basket_one_after_another/task.bddl
COMPOSEOBJ_016	milk_first_temporal	0	true	none
COMPOSEOBJ_017	milk_first_temporal	0	true	none
COMPOSEOBJ_018	milk_first_temporal	0	true	none
COMPOSEOBJ_019	milk_first_temporal	0	true	none
COMPOSEOBJ_020	milk_first_temporal	0	true	none
COMPOSEOBJ_021	milk_first_temporal	0	true	none
COMPOSEOBJ_022	milk_first_temporal	0	true	none
COMPOSEOBJ_023	milk_first_temporal	0	true	none
COMPOSEOBJ_024	milk_first_temporal	0	true	none
COMPOSEOBJ_025	milk_first_temporal	0	true	none
COMPOSEOBJ_026	milk_first_temporal	0	true	none
COMPOSEOBJ_027	milk_first_temporal	0	true	none
COMPOSEOBJ_028	milk_first_temporal	0	true	none
COMPOSEOBJ_029	milk_first_temporal	0	true	none
COMPOSEOBJ_030	milk_first_temporal	0	true	none
COMPOSEOBJ_031	milk_first_temporal	0	true	none
COMPOSEOBJ_032	milk_first_temporal	0	true	none
COMPOSEOBJ_033	milk_first_temporal	0	true	none
COMPOSEOBJ_034	milk_first_temporal	0	true	none
COMPOSEOBJ_035	milk_first_temporal	0	true	none
COMPOSEOBJ_036	milk_beside_ketchup	0	false	none
COMPOSEOBJ_037	milk_beside_ketchup	0	false	none
COMPOSEOBJ_038	milk_beside_ketchup	0	false	none
COMPOSEOBJ_039	milk_beside_ketchup	0	false	none
COMPOSEOBJ_040	milk_beside_ketchup	0	false	none
COMPOSEOBJ_041	milk_beside_ketchup	0	false	none
COMPOSEOBJ_042	milk_beside_ketchup	0	false	none
COMPOSEOBJ_043	milk_beside_ketchup	0	false	none
COMPOSEOBJ_044	milk_beside_ketchup	0	false	none
COMPOSEOBJ_045	milk_beside_ketchup	0	false	none
COMPOSEOBJ_046	milk_beside_ketchup	0	false	none
COMPOSEOBJ_047	milk_beside_ketchup	0	false	none
COMPOSEOBJ_048	milk_beside_ketchup	0	false	none
COMPOSEOBJ_049	milk_beside_ketchup	0	false	none
COMPOSEOBJ_050	milk_beside_ketchup	0	false	none
COMPOSEOBJ_051	milk_beside_ketchup	0	false	none
COMPOSEOBJ_052	milk_beside_ketchup	0	false	none
COMPOSEOBJ_053	milk_beside_ketchup	0	false	none
COMPOSEOBJ_054	milk_beside_ketchup	0	false	none
COMPOSEOBJ_055	milk_beside_ketchup	0	false	none
COMPOSEOBJ_056	milk_beside_ketchup	0	false	none
COMPOSEOBJ_057	milk_beside_ketchup	0	false	none
COMPOSEOBJ_058	milk_beside_ketchup	0	false	none
COMPOSEOBJ_059	milk_beside_ketchup	0	false	none
COMPOSEOBJ_060	milk_beside_ketchup	0	false	none
COMPOSEOBJ_061	milk_beside_ketchup	0	false	none
COMPOSEOBJ_062	milk_beside_ketchup	0	false	none
COMPOSEOBJ_063	milk_beside_ketchup	0	false	none
COMPOSEOBJ_064	milk_beside_ketchup	0	false	none
COMPOSEOBJ_065	milk_beside_ketchup	0	false	none
COMPOSEOBJ_066	milk_beside_ketchup	0	false	none
COMPOSEOBJ_067	milk_beside_ketchup	0	false	none
COMPOSEOBJ_068	milk_beside_ketchup	0	false	none
COMPOSEOBJ_069	milk_beside_ketchup	0	false	none
COMPOSEOBJ_070	milk_beside_ketchup	0	false	none
COMPOSEOBJ_071	compose155_prefix_append	1	true	LIBERO_EX_ICRA27/LiberoCompose/tasks/compose_174__put_the_alphabet_soup_the_butter_the_cream_cheese_box_and_the_tomato_sauce_in_the_basket_one_after_another/task.bddl
COMPOSEOBJ_072	compose155_prefix_append	1	true	LIBERO_EX_ICRA27/LiberoCompose/tasks/compose_176__put_the_alphabet_soup_the_butter_the_ketchup_and_the_tomato_sauce_in_the_basket_one_after_another/task.bddl
COMPOSEOBJ_073	compose155_prefix_append	1	true	LIBERO_EX_ICRA27/LiberoCompose/tasks/compose_177__put_the_alphabet_soup_the_butter_the_orange_juice_and_the_tomato_sauce_in_the_basket_one_after_another/task.bddl
COMPOSEOBJ_074	milk_first_temporal	1	true	LIBERO_EX_ICRA27/LiberoComposition/tasks/comp_241__put_the_alphabet_soup_the_salad_dressing_and_the_milk_in_the_basket_one_after_another/task.bddl
COMPOSEOBJ_075	milk_first_temporal	1	true	LIBERO_EX_ICRA27/LiberoComposition/tasks/comp_244__put_the_alphabet_soup_the_cream_cheese_box_and_the_milk_in_the_basket_one_after_another/task.bddl
COMPOSEOBJ_076	milk_first_temporal	1	true	LIBERO_EX_ICRA27/LiberoComposition/tasks/comp_247__put_the_alphabet_soup_the_milk_and_the_tomato_sauce_in_the_basket_one_after_another/task.bddl
COMPOSEOBJ_077	milk_first_temporal	1	true	LIBERO_EX_ICRA27/LiberoComposition/tasks/comp_248__put_the_alphabet_soup_the_milk_and_the_butter_in_the_basket_one_after_another/task.bddl
COMPOSEOBJ_078	milk_first_temporal	1	true	LIBERO_EX_ICRA27/LiberoComposition/tasks/comp_250__put_the_salad_dressing_the_cream_cheese_box_and_the_milk_in_the_basket_one_after_another/task.bddl
COMPOSEOBJ_079	milk_first_temporal	1	true	LIBERO_EX_ICRA27/LiberoComposition/tasks/comp_253__put_the_salad_dressing_the_milk_and_the_tomato_sauce_in_the_basket_one_after_another/task.bddl
COMPOSEOBJ_080	milk_first_temporal	1	true	LIBERO_EX_ICRA27/LiberoComposition/tasks/comp_254__put_the_salad_dressing_the_milk_and_the_butter_in_the_basket_one_after_another/task.bddl
COMPOSEOBJ_081	milk_first_temporal	1	true	LIBERO_EX_ICRA27/LiberoComposition/tasks/comp_256__put_the_cream_cheese_box_the_milk_and_the_tomato_sauce_in_the_basket_one_after_another/task.bddl
COMPOSEOBJ_082	milk_first_temporal	1	true	LIBERO_EX_ICRA27/LiberoComposition/tasks/comp_257__put_the_cream_cheese_box_the_milk_and_the_butter_in_the_basket_one_after_another/task.bddl
COMPOSEOBJ_083	milk_first_temporal	1	true	LIBERO_EX_ICRA27/LiberoComposition/tasks/comp_259__put_the_milk_the_tomato_sauce_and_the_butter_in_the_basket_one_after_another/task.bddl
COMPOSEOBJ_084	milk_first_temporal	1	true	LIBERO_EX_ICRA27/LiberoCompose/tasks/compose_001__put_the_alphabet_soup_the_salad_dressing_the_cream_cheese_box_and_the_milk_in_the_basket_one_after_another/task.bddl
COMPOSEOBJ_085	milk_first_temporal	1	true	LIBERO_EX_ICRA27/LiberoCompose/tasks/compose_004__put_the_alphabet_soup_the_salad_dressing_the_milk_and_the_tomato_sauce_in_the_basket_one_after_another/task.bddl
COMPOSEOBJ_086	milk_first_temporal	1	true	LIBERO_EX_ICRA27/LiberoCompose/tasks/compose_005__put_the_alphabet_soup_the_salad_dressing_the_milk_and_the_butter_in_the_basket_one_after_another/task.bddl
COMPOSEOBJ_087	milk_first_temporal	1	true	LIBERO_EX_ICRA27/LiberoCompose/tasks/compose_007__put_the_alphabet_soup_the_cream_cheese_box_the_milk_and_the_tomato_sauce_in_the_basket_one_after_another/task.bddl
COMPOSEOBJ_088	milk_first_temporal	1	true	LIBERO_EX_ICRA27/LiberoCompose/tasks/compose_008__put_the_alphabet_soup_the_cream_cheese_box_the_milk_and_the_butter_in_the_basket_one_after_another/task.bddl
COMPOSEOBJ_089	milk_first_temporal	1	true	LIBERO_EX_ICRA27/LiberoCompose/tasks/compose_010__put_the_alphabet_soup_the_milk_the_tomato_sauce_and_the_butter_in_the_basket_one_after_another/task.bddl
COMPOSEOBJ_090	milk_first_temporal	1	true	LIBERO_EX_ICRA27/LiberoCompose/tasks/compose_011__put_the_salad_dressing_the_cream_cheese_box_the_milk_and_the_tomato_sauce_in_the_basket_one_after_another/task.bddl
COMPOSEOBJ_091	milk_first_temporal	1	true	LIBERO_EX_ICRA27/LiberoCompose/tasks/compose_012__put_the_salad_dressing_the_cream_cheese_box_the_milk_and_the_butter_in_the_basket_one_after_another/task.bddl
COMPOSEOBJ_092	milk_first_temporal	1	true	LIBERO_EX_ICRA27/LiberoCompose/tasks/compose_014__put_the_salad_dressing_the_milk_the_tomato_sauce_and_the_butter_in_the_basket_one_after_another/task.bddl
COMPOSEOBJ_093	milk_first_temporal	1	true	LIBERO_EX_ICRA27/LiberoCompose/tasks/compose_015__put_the_cream_cheese_box_the_milk_the_tomato_sauce_and_the_butter_in_the_basket_one_after_another/task.bddl
COMPOSEOBJ_094	milk_upper_slot_swap	0	false	none
COMPOSEOBJ_095	milk_upper_slot_swap	0	false	none
COMPOSEOBJ_096	milk_upper_slot_swap	0	false	none
COMPOSEOBJ_097	milk_upper_slot_swap	0	false	none
COMPOSEOBJ_098	milk_upper_slot_swap	0	false	none
COMPOSEOBJ_099	milk_upper_slot_swap	0	false	none
COMPOSEOBJ_100	milk_upper_slot_swap	0	false	none
COMPOSEOBJ_101	milk_upper_slot_swap	0	false	none
COMPOSEOBJ_102	milk_upper_slot_swap	0	false	none
COMPOSEOBJ_103	milk_upper_slot_swap	0	false	none
COMPOSEOBJ_104	milk_upper_slot_swap	0	false	none
COMPOSEOBJ_105	milk_upper_slot_swap	0	false	none
COMPOSEOBJ_106	milk_upper_slot_swap	0	false	none
COMPOSEOBJ_107	milk_upper_slot_swap	0	false	none
COMPOSEOBJ_108	milk_upper_slot_swap	0	false	none
COMPOSEOBJ_109	milk_first_temporal	1	true	LIBERO_EX_ICRA27/LiberoComposition/tasks/comp_320__put_the_cream_cheese_box_the_alphabet_soup_and_the_milk_in_the_basket_one_after_another/task.bddl
COMPOSEOBJ_110	milk_first_temporal	1	true	LIBERO_EX_ICRA27/LiberoComposition/tasks/comp_324__put_the_cream_cheese_box_the_milk_and_the_tomato_sauce_in_the_basket_one_after_another/task.bddl
COMPOSEOBJ_111	milk_first_temporal	1	true	LIBERO_EX_ICRA27/LiberoComposition/tasks/comp_325__put_the_cream_cheese_box_the_milk_and_the_butter_in_the_basket_one_after_another/task.bddl
COMPOSEOBJ_112	milk_first_temporal	1	true	LIBERO_EX_ICRA27/LiberoComposition/tasks/comp_326__put_the_cream_cheese_box_the_milk_and_the_orange_juice_in_the_basket_one_after_another/task.bddl
COMPOSEOBJ_113	milk_first_temporal	1	true	LIBERO_EX_ICRA27/LiberoComposition/tasks/comp_330__put_the_alphabet_soup_the_milk_and_the_tomato_sauce_in_the_basket_one_after_another/task.bddl
COMPOSEOBJ_114	milk_first_temporal	1	true	LIBERO_EX_ICRA27/LiberoComposition/tasks/comp_331__put_the_alphabet_soup_the_milk_and_the_butter_in_the_basket_one_after_another/task.bddl
COMPOSEOBJ_115	milk_first_temporal	1	true	LIBERO_EX_ICRA27/LiberoComposition/tasks/comp_332__put_the_alphabet_soup_the_milk_and_the_orange_juice_in_the_basket_one_after_another/task.bddl
COMPOSEOBJ_116	milk_first_temporal	1	true	LIBERO_EX_ICRA27/LiberoComposition/tasks/comp_336__put_the_milk_the_tomato_sauce_and_the_butter_in_the_basket_one_after_another/task.bddl
COMPOSEOBJ_117	milk_first_temporal	1	true	LIBERO_EX_ICRA27/LiberoComposition/tasks/comp_337__put_the_milk_the_tomato_sauce_and_the_orange_juice_in_the_basket_one_after_another/task.bddl
COMPOSEOBJ_118	milk_first_temporal	1	true	LIBERO_EX_ICRA27/LiberoComposition/tasks/comp_338__put_the_milk_the_butter_and_the_orange_juice_in_the_basket_one_after_another/task.bddl
COMPOSEOBJ_119	milk_first_temporal	1	true	LIBERO_EX_ICRA27/LiberoCompose/tasks/compose_061__put_the_cream_cheese_box_the_alphabet_soup_the_milk_and_the_tomato_sauce_in_the_basket_one_after_another/task.bddl
COMPOSEOBJ_120	milk_first_temporal	1	true	LIBERO_EX_ICRA27/LiberoCompose/tasks/compose_062__put_the_cream_cheese_box_the_alphabet_soup_the_milk_and_the_butter_in_the_basket_one_after_another/task.bddl
COMPOSEOBJ_121	milk_first_temporal	1	true	LIBERO_EX_ICRA27/LiberoCompose/tasks/compose_063__put_the_cream_cheese_box_the_alphabet_soup_the_milk_and_the_orange_juice_in_the_basket_one_after_another/task.bddl
COMPOSEOBJ_122	milk_first_temporal	1	true	LIBERO_EX_ICRA27/LiberoCompose/tasks/compose_067__put_the_cream_cheese_box_the_milk_the_tomato_sauce_and_the_butter_in_the_basket_one_after_another/task.bddl
COMPOSEOBJ_123	milk_first_temporal	1	true	LIBERO_EX_ICRA27/LiberoCompose/tasks/compose_068__put_the_cream_cheese_box_the_milk_the_tomato_sauce_and_the_orange_juice_in_the_basket_one_after_another/task.bddl
COMPOSEOBJ_124	milk_first_temporal	1	true	LIBERO_EX_ICRA27/LiberoCompose/tasks/compose_069__put_the_cream_cheese_box_the_milk_the_butter_and_the_orange_juice_in_the_basket_one_after_another/task.bddl
COMPOSEOBJ_125	milk_first_temporal	1	true	LIBERO_EX_ICRA27/LiberoCompose/tasks/compose_071__put_the_alphabet_soup_the_milk_the_tomato_sauce_and_the_butter_in_the_basket_one_after_another/task.bddl
COMPOSEOBJ_126	milk_first_temporal	1	true	LIBERO_EX_ICRA27/LiberoCompose/tasks/compose_072__put_the_alphabet_soup_the_milk_the_tomato_sauce_and_the_orange_juice_in_the_basket_one_after_another/task.bddl
COMPOSEOBJ_127	milk_first_temporal	1	true	LIBERO_EX_ICRA27/LiberoCompose/tasks/compose_073__put_the_alphabet_soup_the_milk_the_butter_and_the_orange_juice_in_the_basket_one_after_another/task.bddl
COMPOSEOBJ_128	milk_first_temporal	1	true	LIBERO_EX_ICRA27/LiberoCompose/tasks/compose_075__put_the_milk_the_tomato_sauce_the_butter_and_the_orange_juice_in_the_basket_one_after_another/task.bddl
COMPOSEOBJ_129	milk_first_temporal	1	true	LIBERO_EX_ICRA27/LiberoComposition/tasks/comp_343__put_the_ketchup_the_bbq_sauce_and_the_milk_in_the_basket_one_after_another/task.bddl
COMPOSEOBJ_130	milk_first_temporal	1	true	LIBERO_EX_ICRA27/LiberoComposition/tasks/comp_346__put_the_ketchup_the_salad_dressing_and_the_milk_in_the_basket_one_after_another/task.bddl
COMPOSEOBJ_131	milk_first_temporal	1	true	LIBERO_EX_ICRA27/LiberoComposition/tasks/comp_348__put_the_ketchup_the_alphabet_soup_and_the_milk_in_the_basket_one_after_another/task.bddl
COMPOSEOBJ_132	milk_first_temporal	1	true	LIBERO_EX_ICRA27/LiberoComposition/tasks/comp_349__put_the_ketchup_the_cream_cheese_box_and_the_milk_in_the_basket_one_after_another/task.bddl
COMPOSEOBJ_133	milk_first_temporal	1	true	LIBERO_EX_ICRA27/LiberoComposition/tasks/comp_352__put_the_bbq_sauce_the_salad_dressing_and_the_milk_in_the_basket_one_after_another/task.bddl
COMPOSEOBJ_134	milk_first_temporal	1	true	LIBERO_EX_ICRA27/LiberoComposition/tasks/comp_354__put_the_bbq_sauce_the_alphabet_soup_and_the_milk_in_the_basket_one_after_another/task.bddl
COMPOSEOBJ_135	milk_first_temporal	1	true	LIBERO_EX_ICRA27/LiberoComposition/tasks/comp_355__put_the_bbq_sauce_the_cream_cheese_box_and_the_milk_in_the_basket_one_after_another/task.bddl
COMPOSEOBJ_136	milk_first_temporal	1	true	LIBERO_EX_ICRA27/LiberoComposition/tasks/comp_357__put_the_salad_dressing_the_alphabet_soup_and_the_milk_in_the_basket_one_after_another/task.bddl
COMPOSEOBJ_137	milk_first_temporal	1	true	LIBERO_EX_ICRA27/LiberoComposition/tasks/comp_358__put_the_salad_dressing_the_cream_cheese_box_and_the_milk_in_the_basket_one_after_another/task.bddl
COMPOSEOBJ_138	milk_first_temporal	1	true	LIBERO_EX_ICRA27/LiberoComposition/tasks/comp_359__put_the_alphabet_soup_the_cream_cheese_box_and_the_milk_in_the_basket_one_after_another/task.bddl
COMPOSEOBJ_139	milk_first_temporal	1	true	LIBERO_EX_ICRA27/LiberoCompose/tasks/compose_078__put_the_ketchup_the_bbq_sauce_the_salad_dressing_and_the_milk_in_the_basket_one_after_another/task.bddl
COMPOSEOBJ_140	milk_first_temporal	1	true	LIBERO_EX_ICRA27/LiberoCompose/tasks/compose_080__put_the_ketchup_the_bbq_sauce_the_alphabet_soup_and_the_milk_in_the_basket_one_after_another/task.bddl
COMPOSEOBJ_141	milk_first_temporal	1	true	LIBERO_EX_ICRA27/LiberoCompose/tasks/compose_081__put_the_ketchup_the_bbq_sauce_the_cream_cheese_box_and_the_milk_in_the_basket_one_after_another/task.bddl
COMPOSEOBJ_142	milk_first_temporal	1	true	LIBERO_EX_ICRA27/LiberoCompose/tasks/compose_083__put_the_ketchup_the_salad_dressing_the_alphabet_soup_and_the_milk_in_the_basket_one_after_another/task.bddl
COMPOSEOBJ_143	milk_first_temporal	1	true	LIBERO_EX_ICRA27/LiberoCompose/tasks/compose_084__put_the_ketchup_the_salad_dressing_the_cream_cheese_box_and_the_milk_in_the_basket_one_after_another/task.bddl
COMPOSEOBJ_144	milk_first_temporal	1	true	LIBERO_EX_ICRA27/LiberoCompose/tasks/compose_085__put_the_ketchup_the_alphabet_soup_the_cream_cheese_box_and_the_milk_in_the_basket_one_after_another/task.bddl
COMPOSEOBJ_145	milk_first_temporal	1	true	LIBERO_EX_ICRA27/LiberoCompose/tasks/compose_087__put_the_bbq_sauce_the_salad_dressing_the_alphabet_soup_and_the_milk_in_the_basket_one_after_another/task.bddl
COMPOSEOBJ_146	milk_first_temporal	1	true	LIBERO_EX_ICRA27/LiberoCompose/tasks/compose_088__put_the_bbq_sauce_the_salad_dressing_the_cream_cheese_box_and_the_milk_in_the_basket_one_after_another/task.bddl
COMPOSEOBJ_147	milk_first_temporal	1	true	LIBERO_EX_ICRA27/LiberoCompose/tasks/compose_089__put_the_bbq_sauce_the_alphabet_soup_the_cream_cheese_box_and_the_milk_in_the_basket_one_after_another/task.bddl
COMPOSEOBJ_148	milk_first_temporal	1	true	LIBERO_EX_ICRA27/LiberoCompose/tasks/compose_090__put_the_salad_dressing_the_alphabet_soup_the_cream_cheese_box_and_the_milk_in_the_basket_one_after_another/task.bddl
COMPOSEOBJ_149	milk_upper_slot_swap	0	false	none
COMPOSEOBJ_150	milk_upper_slot_swap	0	false	none
COMPOSEOBJ_151	milk_upper_slot_swap	0	false	none
COMPOSEOBJ_152	milk_upper_slot_swap	0	false	none
COMPOSEOBJ_153	milk_upper_slot_swap	0	false	none
COMPOSEOBJ_154	milk_upper_slot_swap	0	false	none
COMPOSEOBJ_155	milk_upper_slot_swap	0	false	none
COMPOSEOBJ_156	milk_upper_slot_swap	0	false	none
COMPOSEOBJ_157	milk_upper_slot_swap	0	false	none
COMPOSEOBJ_158	milk_upper_slot_swap	0	false	none
COMPOSEOBJ_159	milk_upper_slot_swap	0	false	none
COMPOSEOBJ_160	milk_upper_slot_swap	0	false	none
COMPOSEOBJ_161	milk_upper_slot_swap	0	false	none
COMPOSEOBJ_162	milk_upper_slot_swap	0	false	none
COMPOSEOBJ_163	milk_upper_slot_swap	0	false	none
COMPOSEOBJ_164	milk_first_temporal	1	true	LIBERO_EX_ICRA27/LiberoComposition/tasks/comp_360__put_the_milk_the_cream_cheese_box_and_the_tomato_sauce_in_the_basket_one_after_another/task.bddl
COMPOSEOBJ_165	milk_first_temporal	1	true	LIBERO_EX_ICRA27/LiberoComposition/tasks/comp_361__put_the_milk_the_cream_cheese_box_and_the_butter_in_the_basket_one_after_another/task.bddl
COMPOSEOBJ_166	milk_first_temporal	1	true	LIBERO_EX_ICRA27/LiberoComposition/tasks/comp_362__put_the_milk_the_cream_cheese_box_and_the_orange_juice_in_the_basket_one_after_another/task.bddl
COMPOSEOBJ_167	milk_first_temporal	1	true	LIBERO_EX_ICRA27/LiberoComposition/tasks/comp_363__put_the_milk_the_cream_cheese_box_and_the_chocolate_pudding_in_the_basket_one_after_another/task.bddl
COMPOSEOBJ_168	milk_first_temporal	1	true	LIBERO_EX_ICRA27/LiberoComposition/tasks/comp_364__put_the_milk_the_tomato_sauce_and_the_butter_in_the_basket_one_after_another/task.bddl
COMPOSEOBJ_169	milk_first_temporal	1	true	LIBERO_EX_ICRA27/LiberoComposition/tasks/comp_365__put_the_milk_the_tomato_sauce_and_the_orange_juice_in_the_basket_one_after_another/task.bddl
COMPOSEOBJ_170	milk_first_temporal	1	true	LIBERO_EX_ICRA27/LiberoComposition/tasks/comp_366__put_the_milk_the_tomato_sauce_and_the_chocolate_pudding_in_the_basket_one_after_another/task.bddl
COMPOSEOBJ_171	milk_first_temporal	1	true	LIBERO_EX_ICRA27/LiberoComposition/tasks/comp_367__put_the_milk_the_butter_and_the_orange_juice_in_the_basket_one_after_another/task.bddl
COMPOSEOBJ_172	milk_first_temporal	1	true	LIBERO_EX_ICRA27/LiberoComposition/tasks/comp_368__put_the_milk_the_butter_and_the_chocolate_pudding_in_the_basket_one_after_another/task.bddl
COMPOSEOBJ_173	milk_first_temporal	1	true	LIBERO_EX_ICRA27/LiberoComposition/tasks/comp_369__put_the_milk_the_orange_juice_and_the_chocolate_pudding_in_the_basket_one_after_another/task.bddl
COMPOSEOBJ_174	milk_first_temporal	1	true	LIBERO_EX_ICRA27/LiberoCompose/tasks/compose_091__put_the_milk_the_cream_cheese_box_the_tomato_sauce_and_the_butter_in_the_basket_one_after_another/task.bddl
COMPOSEOBJ_175	milk_first_temporal	1	true	LIBERO_EX_ICRA27/LiberoCompose/tasks/compose_092__put_the_milk_the_cream_cheese_box_the_tomato_sauce_and_the_orange_juice_in_the_basket_one_after_another/task.bddl
COMPOSEOBJ_176	milk_first_temporal	1	true	LIBERO_EX_ICRA27/LiberoCompose/tasks/compose_093__put_the_milk_the_cream_cheese_box_the_tomato_sauce_and_the_chocolate_pudding_in_the_basket_one_after_another/task.bddl
COMPOSEOBJ_177	milk_first_temporal	1	true	LIBERO_EX_ICRA27/LiberoCompose/tasks/compose_094__put_the_milk_the_cream_cheese_box_the_butter_and_the_orange_juice_in_the_basket_one_after_another/task.bddl
COMPOSEOBJ_178	milk_first_temporal	1	true	LIBERO_EX_ICRA27/LiberoCompose/tasks/compose_095__put_the_milk_the_cream_cheese_box_the_butter_and_the_chocolate_pudding_in_the_basket_one_after_another/task.bddl
COMPOSEOBJ_179	milk_first_temporal	1	true	LIBERO_EX_ICRA27/LiberoCompose/tasks/compose_096__put_the_milk_the_cream_cheese_box_the_orange_juice_and_the_chocolate_pudding_in_the_basket_one_after_another/task.bddl
COMPOSEOBJ_180	milk_first_temporal	1	true	LIBERO_EX_ICRA27/LiberoCompose/tasks/compose_097__put_the_milk_the_tomato_sauce_the_butter_and_the_orange_juice_in_the_basket_one_after_another/task.bddl
COMPOSEOBJ_181	milk_first_temporal	1	true	LIBERO_EX_ICRA27/LiberoCompose/tasks/compose_098__put_the_milk_the_tomato_sauce_the_butter_and_the_chocolate_pudding_in_the_basket_one_after_another/task.bddl
COMPOSEOBJ_182	milk_first_temporal	1	true	LIBERO_EX_ICRA27/LiberoCompose/tasks/compose_099__put_the_milk_the_tomato_sauce_the_orange_juice_and_the_chocolate_pudding_in_the_basket_one_after_another/task.bddl
COMPOSEOBJ_183	milk_first_temporal	1	true	LIBERO_EX_ICRA27/LiberoCompose/tasks/compose_100__put_the_milk_the_butter_the_orange_juice_and_the_chocolate_pudding_in_the_basket_one_after_another/task.bddl
COMPOSEOBJ_184	milk_upper_slot_swap	0	false	none
COMPOSEOBJ_185	milk_upper_slot_swap	0	false	none
COMPOSEOBJ_186	milk_upper_slot_swap	0	false	none
COMPOSEOBJ_187	milk_upper_slot_swap	0	false	none
COMPOSEOBJ_188	milk_upper_slot_swap	0	false	none
COMPOSEOBJ_189	milk_upper_slot_swap	0	false	none
COMPOSEOBJ_190	milk_upper_slot_swap	0	false	none
COMPOSEOBJ_191	milk_upper_slot_swap	0	false	none
COMPOSEOBJ_192	milk_upper_slot_swap	0	false	none
COMPOSEOBJ_193	milk_upper_slot_swap	0	false	none
COMPOSEOBJ_194	milk_upper_slot_swap	0	false	none
COMPOSEOBJ_195	milk_upper_slot_swap	0	false	none
COMPOSEOBJ_196	milk_upper_slot_swap	0	false	none
COMPOSEOBJ_197	milk_upper_slot_swap	0	false	none
COMPOSEOBJ_198	milk_upper_slot_swap	0	false	none
COMPOSEOBJ_199	milk_first_temporal	1	true	LIBERO_EX_ICRA27/LiberoComposition/tasks/comp_402__put_the_salad_dressing_the_ketchup_and_the_milk_in_the_basket_one_after_another/task.bddl
COMPOSEOBJ_200	milk_first_temporal	1	true	LIBERO_EX_ICRA27/LiberoComposition/tasks/comp_405__put_the_salad_dressing_the_alphabet_soup_and_the_milk_in_the_basket_one_after_another/task.bddl
COMPOSEOBJ_201	milk_first_temporal	1	true	LIBERO_EX_ICRA27/LiberoComposition/tasks/comp_407__put_the_salad_dressing_the_cream_cheese_box_and_the_milk_in_the_basket_one_after_another/task.bddl
COMPOSEOBJ_202	milk_first_temporal	1	true	LIBERO_EX_ICRA27/LiberoComposition/tasks/comp_409__put_the_salad_dressing_the_milk_and_the_tomato_sauce_in_the_basket_one_after_another/task.bddl
COMPOSEOBJ_203	milk_first_temporal	1	true	LIBERO_EX_ICRA27/LiberoComposition/tasks/comp_411__put_the_ketchup_the_alphabet_soup_and_the_milk_in_the_basket_one_after_another/task.bddl
COMPOSEOBJ_204	milk_first_temporal	1	true	LIBERO_EX_ICRA27/LiberoComposition/tasks/comp_413__put_the_ketchup_the_cream_cheese_box_and_the_milk_in_the_basket_one_after_another/task.bddl
COMPOSEOBJ_205	milk_first_temporal	1	true	LIBERO_EX_ICRA27/LiberoComposition/tasks/comp_415__put_the_ketchup_the_milk_and_the_tomato_sauce_in_the_basket_one_after_another/task.bddl
COMPOSEOBJ_206	milk_first_temporal	1	true	LIBERO_EX_ICRA27/LiberoComposition/tasks/comp_416__put_the_alphabet_soup_the_cream_cheese_box_and_the_milk_in_the_basket_one_after_another/task.bddl
COMPOSEOBJ_207	milk_first_temporal	1	true	LIBERO_EX_ICRA27/LiberoComposition/tasks/comp_418__put_the_alphabet_soup_the_milk_and_the_tomato_sauce_in_the_basket_one_after_another/task.bddl
COMPOSEOBJ_208	milk_first_temporal	1	true	LIBERO_EX_ICRA27/LiberoComposition/tasks/comp_419__put_the_cream_cheese_box_the_milk_and_the_tomato_sauce_in_the_basket_one_after_another/task.bddl
COMPOSEOBJ_209	milk_first_temporal	1	true	LIBERO_EX_ICRA27/LiberoCompose/tasks/compose_122__put_the_salad_dressing_the_ketchup_the_alphabet_soup_and_the_milk_in_the_basket_one_after_another/task.bddl
COMPOSEOBJ_210	milk_first_temporal	1	true	LIBERO_EX_ICRA27/LiberoCompose/tasks/compose_124__put_the_salad_dressing_the_ketchup_the_cream_cheese_box_and_the_milk_in_the_basket_one_after_another/task.bddl
COMPOSEOBJ_211	milk_first_temporal	1	true	LIBERO_EX_ICRA27/LiberoCompose/tasks/compose_126__put_the_salad_dressing_the_ketchup_the_milk_and_the_tomato_sauce_in_the_basket_one_after_another/task.bddl
COMPOSEOBJ_212	milk_first_temporal	1	true	LIBERO_EX_ICRA27/LiberoCompose/tasks/compose_127__put_the_salad_dressing_the_alphabet_soup_the_cream_cheese_box_and_the_milk_in_the_basket_one_after_another/task.bddl
COMPOSEOBJ_213	milk_first_temporal	1	true	LIBERO_EX_ICRA27/LiberoCompose/tasks/compose_129__put_the_salad_dressing_the_alphabet_soup_the_milk_and_the_tomato_sauce_in_the_basket_one_after_another/task.bddl
COMPOSEOBJ_214	milk_first_temporal	1	true	LIBERO_EX_ICRA27/LiberoCompose/tasks/compose_130__put_the_salad_dressing_the_cream_cheese_box_the_milk_and_the_tomato_sauce_in_the_basket_one_after_another/task.bddl
COMPOSEOBJ_215	milk_first_temporal	1	true	LIBERO_EX_ICRA27/LiberoCompose/tasks/compose_131__put_the_ketchup_the_alphabet_soup_the_cream_cheese_box_and_the_milk_in_the_basket_one_after_another/task.bddl
COMPOSEOBJ_216	milk_first_temporal	1	true	LIBERO_EX_ICRA27/LiberoCompose/tasks/compose_133__put_the_ketchup_the_alphabet_soup_the_milk_and_the_tomato_sauce_in_the_basket_one_after_another/task.bddl
COMPOSEOBJ_217	milk_first_temporal	1	true	LIBERO_EX_ICRA27/LiberoCompose/tasks/compose_134__put_the_ketchup_the_cream_cheese_box_the_milk_and_the_tomato_sauce_in_the_basket_one_after_another/task.bddl
COMPOSEOBJ_218	milk_first_temporal	1	true	LIBERO_EX_ICRA27/LiberoCompose/tasks/compose_135__put_the_alphabet_soup_the_cream_cheese_box_the_milk_and_the_tomato_sauce_in_the_basket_one_after_another/task.bddl
COMPOSEOBJ_219	milk_upper_slot_swap	0	false	none
COMPOSEOBJ_220	milk_upper_slot_swap	0	false	none
COMPOSEOBJ_221	milk_upper_slot_swap	0	false	none
COMPOSEOBJ_222	milk_upper_slot_swap	0	false	none
COMPOSEOBJ_223	milk_upper_slot_swap	0	false	none
COMPOSEOBJ_224	milk_upper_slot_swap	0	false	none
COMPOSEOBJ_225	milk_upper_slot_swap	0	false	none
COMPOSEOBJ_226	milk_upper_slot_swap	0	false	none
COMPOSEOBJ_227	milk_upper_slot_swap	0	false	none
COMPOSEOBJ_228	milk_upper_slot_swap	0	false	none
COMPOSEOBJ_229	milk_upper_slot_swap	0	false	none
COMPOSEOBJ_230	milk_upper_slot_swap	0	false	none
COMPOSEOBJ_231	milk_upper_slot_swap	0	false	none
COMPOSEOBJ_232	milk_upper_slot_swap	0	false	none
COMPOSEOBJ_233	milk_upper_slot_swap	0	false	none
COMPOSEOBJ_234	milk_first_temporal	1	true	LIBERO_EX_ICRA27/LiberoComposition/tasks/comp_420__put_the_tomato_sauce_the_milk_and_the_butter_in_the_basket_one_after_another/task.bddl
COMPOSEOBJ_235	milk_first_temporal	1	true	LIBERO_EX_ICRA27/LiberoComposition/tasks/comp_421__put_the_tomato_sauce_the_milk_and_the_orange_juice_in_the_basket_one_after_another/task.bddl
COMPOSEOBJ_236	milk_first_temporal	1	true	LIBERO_EX_ICRA27/LiberoComposition/tasks/comp_422__put_the_tomato_sauce_the_milk_and_the_chocolate_pudding_in_the_basket_one_after_another/task.bddl
COMPOSEOBJ_237	milk_first_temporal	1	true	LIBERO_EX_ICRA27/LiberoComposition/tasks/comp_423__put_the_tomato_sauce_the_milk_and_the_bbq_sauce_in_the_basket_one_after_another/task.bddl
COMPOSEOBJ_238	milk_first_temporal	1	true	LIBERO_EX_ICRA27/LiberoComposition/tasks/comp_430__put_the_milk_the_butter_and_the_orange_juice_in_the_basket_one_after_another/task.bddl
COMPOSEOBJ_239	milk_first_temporal	1	true	LIBERO_EX_ICRA27/LiberoComposition/tasks/comp_431__put_the_milk_the_butter_and_the_chocolate_pudding_in_the_basket_one_after_another/task.bddl
COMPOSEOBJ_240	milk_first_temporal	1	true	LIBERO_EX_ICRA27/LiberoComposition/tasks/comp_432__put_the_milk_the_butter_and_the_bbq_sauce_in_the_basket_one_after_another/task.bddl
COMPOSEOBJ_241	milk_first_temporal	1	true	LIBERO_EX_ICRA27/LiberoComposition/tasks/comp_433__put_the_milk_the_orange_juice_and_the_chocolate_pudding_in_the_basket_one_after_another/task.bddl
COMPOSEOBJ_242	milk_first_temporal	1	true	LIBERO_EX_ICRA27/LiberoComposition/tasks/comp_434__put_the_milk_the_orange_juice_and_the_bbq_sauce_in_the_basket_one_after_another/task.bddl
COMPOSEOBJ_243	milk_first_temporal	1	true	LIBERO_EX_ICRA27/LiberoComposition/tasks/comp_435__put_the_milk_the_chocolate_pudding_and_the_bbq_sauce_in_the_basket_one_after_another/task.bddl
COMPOSEOBJ_244	milk_first_temporal	1	true	LIBERO_EX_ICRA27/LiberoCompose/tasks/compose_136__put_the_tomato_sauce_the_milk_the_butter_and_the_orange_juice_in_the_basket_one_after_another/task.bddl
COMPOSEOBJ_245	milk_first_temporal	1	true	LIBERO_EX_ICRA27/LiberoCompose/tasks/compose_137__put_the_tomato_sauce_the_milk_the_butter_and_the_chocolate_pudding_in_the_basket_one_after_another/task.bddl
COMPOSEOBJ_246	milk_first_temporal	1	true	LIBERO_EX_ICRA27/LiberoCompose/tasks/compose_138__put_the_tomato_sauce_the_milk_the_butter_and_the_bbq_sauce_in_the_basket_one_after_another/task.bddl
COMPOSEOBJ_247	milk_first_temporal	1	true	LIBERO_EX_ICRA27/LiberoCompose/tasks/compose_139__put_the_tomato_sauce_the_milk_the_orange_juice_and_the_chocolate_pudding_in_the_basket_one_after_another/task.bddl
COMPOSEOBJ_248	milk_first_temporal	1	true	LIBERO_EX_ICRA27/LiberoCompose/tasks/compose_140__put_the_tomato_sauce_the_milk_the_orange_juice_and_the_bbq_sauce_in_the_basket_one_after_another/task.bddl
COMPOSEOBJ_249	milk_first_temporal	1	true	LIBERO_EX_ICRA27/LiberoCompose/tasks/compose_141__put_the_tomato_sauce_the_milk_the_chocolate_pudding_and_the_bbq_sauce_in_the_basket_one_after_another/task.bddl
COMPOSEOBJ_250	milk_first_temporal	1	true	LIBERO_EX_ICRA27/LiberoCompose/tasks/compose_146__put_the_milk_the_butter_the_orange_juice_and_the_chocolate_pudding_in_the_basket_one_after_another/task.bddl
COMPOSEOBJ_251	milk_first_temporal	1	true	LIBERO_EX_ICRA27/LiberoCompose/tasks/compose_147__put_the_milk_the_butter_the_orange_juice_and_the_bbq_sauce_in_the_basket_one_after_another/task.bddl
COMPOSEOBJ_252	milk_first_temporal	1	true	LIBERO_EX_ICRA27/LiberoCompose/tasks/compose_148__put_the_milk_the_butter_the_chocolate_pudding_and_the_bbq_sauce_in_the_basket_one_after_another/task.bddl
COMPOSEOBJ_253	milk_first_temporal	1	true	LIBERO_EX_ICRA27/LiberoCompose/tasks/compose_149__put_the_milk_the_orange_juice_the_chocolate_pudding_and_the_bbq_sauce_in_the_basket_one_after_another/task.bddl
COMPOSEOBJ_254	milk_upper_slot_swap	0	false	none
COMPOSEOBJ_255	milk_upper_slot_swap	0	false	none
COMPOSEOBJ_256	milk_upper_slot_swap	0	false	none
COMPOSEOBJ_257	milk_upper_slot_swap	0	false	none
COMPOSEOBJ_258	milk_upper_slot_swap	0	false	none
COMPOSEOBJ_259	milk_upper_slot_swap	0	false	none
COMPOSEOBJ_260	milk_upper_slot_swap	0	false	none
COMPOSEOBJ_261	milk_upper_slot_swap	0	false	none
COMPOSEOBJ_262	milk_upper_slot_swap	0	false	none
COMPOSEOBJ_263	milk_upper_slot_swap	0	false	none
COMPOSEOBJ_264	milk_upper_slot_swap	0	false	none
COMPOSEOBJ_265	milk_upper_slot_swap	0	false	none
COMPOSEOBJ_266	milk_upper_slot_swap	0	false	none
COMPOSEOBJ_267	milk_upper_slot_swap	0	false	none
COMPOSEOBJ_268	milk_upper_slot_swap	0	false	none
